session_date,prior_rth_vah,prior_rth_val,prior_rth_poc,overnight_vah,overnight_val,ibh,ibl,ib_range,rth_open,rth_close,rth_high,rth_low,day_classification,pre_ib_total,pre_ib_A,pre_ib_A_star,pre_ib_R,pre_ib_B,post_ib_total,post_ib_A,post_ib_A_star,post_ib_R,post_ib_B
2025-01-01,,,,21483.0,21320.5,,,,,,,,unknown,0,0,0,0,0,0,0,0,0,0
2025-01-02,,,,21268.5,21219.25,21444.0,21166.5,277.5,21348.0,21169.25,21444.0,20983.25,unknown,5,0,1,2,2,4,0,0,2,2
2025-01-03,21350.5,21071.25,21292.75,21501.0,21482.0,21440.75,21260.75,180.0,21293.75,21508.0,21559.25,21260.75,above_value,3,0,0,1,2,2,1,0,0,1
2025-01-05,21469.5,21296.75,21364.75,21761.0,21563.25,,,,,,,,unknown,0,0,0,0,0,0,0,0,0,0
2025-01-06,,,,21783.75,21728.0,21886.75,21723.75,163.0,21732.75,21750.25,21897.0,21646.5,unknown,3,1,0,1,1,9,0,0,4,5
2025-01-07,21891.5,21752.5,21866.25,21421.0,21314.5,21806.25,21524.75,281.5,21793.25,21360.0,21806.25,21279.5,below_value,3,1,0,1,1,8,1,0,3,4
2025-01-08,21615.25,21399.25,21445.5,21329.75,21281.25,21406.0,21231.25,174.75,21355.75,21357.5,21431.5,21166.0,below_value,5,0,1,2,2,9,0,0,4,5
2025-01-09,21383.0,21298.5,21343.0,21323.25,21156.75,,,,,,,,unknown,0,0,0,0,0,0,0,0,0,0
2025-01-10,,,,21024.25,20999.75,21197.25,20874.75,322.5,21193.25,21017.25,21197.25,20874.75,unknown,3,1,0,1,1,1,0,0,0,1
2025-01-12,21149.75,20961.25,21069.0,20891.75,20702.5,,,,,,,,unknown,0,0,0,0,0,0,0,0,0,0
2025-01-13,,,,21106.25,21019.0,20855.75,20701.5,154.25,20765.75,20948.0,20964.75,20701.5,unknown,1,0,0,0,1,8,1,0,3,4
2025-01-14,20877.25,20742.5,20771.75,21260.75,20908.75,21129.25,20965.75,163.5,21071.25,20921.25,21129.25,20773.25,above_value,3,1,0,1,1,6,1,0,2,3
2025-01-15,21030.75,20825.75,20992.0,21523.0,21405.5,21408.5,21186.5,222.0,21252.25,21399.75,21452.75,21186.5,above_value,3,1,0,1,1,3,0,0,1,2
2025-01-16,21403.5,21285.0,21343.5,21491.75,21171.75,21498.0,21336.0,162.0,21495.0,21247.75,21498.0,21244.25,below_value,3,0,0,1,2,8,0,1,3,4
2025-01-17,21425.0,21335.25,21390.5,21593.0,21578.0,21653.5,21481.0,172.5,21651.0,21601.0,21672.5,21481.0,above_value,3,1,0,1,1,5,0,0,2,3
2025-01-19,21637.5,21543.5,21617.75,21627.25,21538.0,,,,,,,,unknown,0,0,0,0,0,0,0,0,0,0
2025-01-20,,,,21737.75,21594.25,21780.0,21676.75,103.25,21723.5,21680.5,21780.0,21623.0,unknown,3,1,0,1,1,5,0,0,2,3
2025-01-21,21637.5,21543.5,21617.75,21932.5,21836.75,21718.5,21525.5,193.0,21712.0,21714.5,21772.0,21525.5,above_value,6,0,0,3,3,6,0,0,3,3
2025-01-22,21711.5,21572.5,21624.0,21951.75,21862.75,22037.0,21902.5,134.5,21915.0,21997.25,22094.0,21902.5,above_value,3,1,0,1,1,9,0,0,4,5
2025-01-23,22061.5,21992.5,22019.5,22029.5,21990.5,21918.25,21866.0,52.25,21889.0,22042.5,22044.0,21866.0,within_value,3,1,0,1,1,4,1,0,1,2
2025-01-24,21969.75,21901.75,21933.25,21910.0,21897.25,22078.0,21987.5,90.5,22044.25,21908.0,22078.0,21843.25,within_value,3,1,0,1,1,6,1,0,2,3
2025-01-26,22078.0,21926.75,21994.5,21616.25,21048.25,,,,,,,,unknown,0,0,0,0,0,0,0,0,0,0
2025-01-27,,,,21338.0,21268.0,21370.5,21108.25,262.25,21123.75,21259.25,21418.0,21096.75,unknown,1,0,0,0,1,5,0,0,2,3
2025-01-28,21292.0,21151.25,21205.5,21695.25,21584.0,21481.25,21160.75,320.5,21302.0,21576.25,21626.0,21160.75,above_value,5,0,1,2,2,2,1,0,0,1
2025-01-29,21625.5,21399.5,21545.75,21702.5,21592.25,21606.25,21480.5,125.75,21600.0,21530.0,21606.25,21368.0,within_value,1,0,0,0,1,11,0,0,5,6
2025-01-30,21561.0,21473.75,21524.25,21806.0,21728.75,21748.75,21522.0,226.75,21650.0,21621.75,21748.75,21419.0,above_value,2,0,0,1,1,7,0,0,3,4
2025-01-31,21650.25,21517.25,21550.5,21581.0,21554.0,21921.5,21764.0,157.5,21774.25,21580.75,21965.75,21536.25,within_value,3,1,0,1,1,12,1,0,5,6
2025-02-02,21957.5,21724.75,21905.0,21270.0,21080.75,,,,,,,,unknown,0,0,0,0,0,0,0,0,0,0
2025-02-03,,,,21475.75,21329.25,21363.5,21113.25,250.25,21215.75,21404.5,21520.0,21113.25,unknown,5,0,1,2,2,4,1,0,1,2
2025-02-04,21511.0,21324.25,21402.25,21572.5,21458.0,21663.5,21405.0,258.5,21421.75,21668.0,21694.75,21405.0,above_value,3,1,0,1,1,12,0,1,5,6
2025-02-05,21680.0,21591.0,21652.0,21804.25,21746.75,21609.0,21501.0,108.0,21550.75,21760.5,21769.25,21501.0,above_value,5,0,0,2,3,4,1,0,1,2
2025-02-06,21753.25,21571.5,21711.0,21881.5,21838.5,21849.5,21738.0,111.5,21776.75,21871.0,21882.0,21711.75,above_value,3,0,0,1,2,4,0,1,1,2
2025-02-07,21823.75,21761.5,21776.5,21595.5,21581.25,21967.75,21685.0,282.75,21885.5,21588.0,21967.75,21553.0,below_value,6,0,0,3,3,10,1,0,4,5
2025-02-09,21751.0,21573.5,21656.75,21767.0,21664.25,,,,,,,,unknown,0,0,0,0,0,0,0,0,0,0
2025-02-10,,,,21812.5,21728.25,21873.5,21742.25,131.25,21764.5,21843.25,21893.75,21742.25,unknown,3,1,0,1,1,11,0,0,5,6
2025-02-11,21881.75,21826.0,21867.75,21848.5,21566.5,21845.25,21700.25,145.0,21706.25,21790.5,21871.25,21700.25,below_value,3,0,0,1,2,3,0,0,1,2
2025-02-12,21833.25,21763.75,21785.0,21877.75,21776.5,21739.0,21535.75,203.25,21551.0,21801.75,21839.0,21535.75,within_value,3,1,0,1,1,4,1,0,1,2
2025-02-13,21838.25,21674.0,21791.0,22130.75,22069.0,21996.5,21835.0,161.5,21869.25,22110.25,22123.75,21835.0,above_value,7,0,1,3,3,6,1,0,2,3
2025-02-14,22014.5,21864.5,21977.5,22212.0,22191.75,22160.0,22088.0,72.0,22108.5,22194.5,22224.0,22088.0,above_value,3,1,0,1,1,8,1,0,3,4
2025-02-16,22166.0,22102.75,22128.5,22273.0,22232.25,,,,,,,,unknown,0,0,0,0,0,0,0,0,0,0
2025-02-17,,,,22315.5,22262.75,22242.0,22192.0,50.0,22241.0,22235.25,22252.25,22192.0,unknown,3,1,0,1,1,5,0,0,2,3
2025-02-18,22166.0,22102.75,22128.5,22281.5,22214.75,22268.0,22130.25,137.75,22257.75,22238.5,22268.0,22103.0,above_value,7,0,1,3,3,3,0,0,1,2
2025-02-19,22204.5,22148.75,22174.25,22221.25,22173.75,22221.5,22118.0,103.5,22207.5,22247.75,22299.75,22118.0,above_value,4,0,0,2,2,8,1,0,3,4
2025-02-20,22256.25,22162.25,22235.75,22188.0,22111.75,22227.0,21950.75,276.25,22210.0,22144.25,22227.0,21950.75,below_value,3,1,0,1,1,1,0,0,0,1
2025-02-21,22109.0,22012.75,22050.25,21692.25,21671.25,22188.0,21992.25,195.75,22186.5,21683.0,22188.0,21662.0,below_value,3,0,0,1,2,8,1,0,3,4
2025-02-23,22007.5,21666.75,21692.0,21790.75,21749.0,,,,,,,,unknown,0,0,0,0,0,0,0,0,0,0
2025-02-24,,,,21445.0,21365.5,21801.75,21436.75,365.0,21753.0,21422.5,21801.75,21408.5,unknown,3,1,0,1,1,1,0,0,0,1
2025-02-25,21643.5,21500.0,21522.0,21326.75,21241.75,21397.5,21028.0,369.5,21391.5,21150.25,21397.5,20990.5,below_value,5,1,0,2,2,1,0,0,0,1
2025-02-26,21253.5,21071.25,21197.75,21373.75,21208.0,21372.0,21188.5,183.5,21237.75,21193.25,21409.75,21064.75,within_value,2,0,0,1,1,11,0,0,5,6
2025-02-27,21401.0,21203.5,21371.0,20657.5,20583.75,21381.0,20896.5,484.5,21340.5,20611.0,21381.0,20597.5,below_value,3,1,0,1,1,2,1,0,0,1
2025-02-28,21210.0,20896.5,21056.5,20912.5,20888.75,20759.0,20460.25,298.75,20590.75,20913.5,20944.25,20460.25,within_value,2,0,0,1,1,6,0,1,2,3
2025-03-02,20761.75,20580.5,20692.5,21025.75,20882.75,,,,,,,,unknown,0,0,0,0,0,0,0,0,0,0
2025-03-03,,,,20582.5,20382.75,21120.75,20759.75,361.0,21055.75,20475.5,21120.75,20317.5,unknown,5,0,0,2,3,6,1,0,2,3
2025-03-04,21000.75,20709.0,20921.5,20578.0,20467.25,20430.0,20075.75,354.25,20342.5,20391.75,20733.0,20075.75,below_value,3,1,0,1,1,5,0,0,2,3
2025-03-05,20407.5,20108.75,20180.0,20654.5,20375.25,20496.75,20270.25,226.5,20421.25,20656.25,20725.5,20215.0,above_value,1,0,0,0,1,12,1,0,5,6
2025-03-06,20532.0,20228.0,20385.5,20214.25,20123.0,20483.5,20228.25,255.25,20310.75,20092.0,20513.25,20002.75,below_value,3,0,0,1,2,6,1,0,2,3
2025-03-07,20343.25,20008.0,20106.5,20218.0,20186.25,20242.25,20024.25,218.0,20037.5,20224.75,20286.75,19766.0,within_value,1,0,0,0,1,10,0,0,5,5
2025-03-09,20249.75,19972.5,20173.0,20012.5,19660.75,,,,,,,,unknown,0,0,0,0,0,0,0,0,0,0
2025-03-10,,,,19565.5,19394.5,19697.25,19520.0,177.25,19668.25,19472.0,19702.75,19271.75,unknown,3,1,0,1,1,6,1,0,2,3
2025-03-11,19675.25,19455.0,19610.5,19772.0,19572.0,19508.5,19265.25,243.25,19321.75,19399.75,19687.5,19201.0,below_value,5,0,0,2,3,9,0,0,4,5
2025-03-12,19502.25,19282.25,19365.75,19582.25,19426.25,19644.0,19395.0,249.0,19630.25,19571.0,19727.75,19395.0,above_value,1,0,0,0,1,9,0,0,4,5
2025-03-13,19698.25,19555.25,19629.0,19539.25,19387.25,19531.5,19342.75,188.75,19476.25,19294.75,19531.5,19165.5,below_value,3,1,0,1,1,12,1,0,5,6
2025-03-14,19392.25,19221.0,19309.75,,,19665.0,19467.25,197.75,19475.25,19666.75,19742.75,19467.25,above_value,3,1,0,1,1,10,0,1,4,5
2025-03-16,19697.5,19622.5,19671.5,19761.25,19554.5,,,,,,,,unknown,0,0,0,0,0,0,0,0,0,0
2025-03-17,,,,19832.75,19532.75,19759.5,19654.5,105.0,19716.75,19830.5,19959.25,19628.5,unknown,1,0,0,0,1,4,1,0,1,2
2025-03-18,19697.5,19622.5,19671.5,19814.0,19693.5,19530.0,19401.0,129.0,19495.75,19496.75,19579.25,19401.0,below_value,3,1,0,1,1,9,0,0,4,5
2025-03-19,19528.5,19465.75,19483.0,20088.75,19856.5,19883.75,19788.75,95.0,19847.5,19945.75,20142.25,19765.5,above_value,1,0,0,0,1,8,1,0,3,4
2025-03-20,19963.0,19790.0,19874.25,19800.25,19622.0,20105.0,20008.75,96.25,20054.5,19894.25,20105.0,19795.5,within_value,3,1,0,1,1,4,1,0,1,2
2025-03-21,19998.75,19800.75,19875.5,,,19811.75,19694.5,117.25,19744.75,19971.0,19977.75,19675.0,within_value,1,0,0,0,1,4,1,0,1,2
2025-03-23,19896.0,19738.75,19851.5,20347.5,20199.5,,,,,,,,unknown,0,0,0,0,0,0,0,0,0,0
2025-03-24,,,,20436.5,20361.75,20371.0,20314.0,57.0,20339.25,20356.5,20409.25,20308.25,unknown,3,1,0,1,1,11,0,0,5,6
2025-03-25,20369.5,20328.25,20334.25,20494.5,20320.75,20496.5,20421.75,74.75,20454.0,20517.25,20524.75,20402.0,above_value,3,1,0,1,1,8,1,0,3,4
2025-03-26,20471.75,20415.25,20443.75,20108.0,20012.25,20320.5,20253.5,67.0,20285.0,20090.5,20320.5,20041.25,below_value,3,1,0,1,1,2,1,0,0,1
2025-03-27,20203.75,20047.75,20118.75,19982.5,19845.5,20199.0,20106.25,92.75,20120.5,19997.25,20199.0,19975.0,below_value,6,0,0,3,3,6,1,0,2,3
2025-03-28,20111.75,20006.5,20062.5,,,19660.75,19554.75,106.0,19638.75,19362.25,19660.75,19360.75,below_value,3,1,0,1,1,4,1,0,1,2
2025-03-30,19592.25,19421.5,19464.25,19257.0,19084.0,,,,,,,,unknown,0,0,0,0,0,0,0,0,0,0
2025-03-31,,,,19424.5,19332.25,19233.0,19060.25,172.75,19060.5,19412.5,19489.5,19060.25,unknown,1,0,0,0,1,12,1,0,5,6
2025-04-01,19362.75,19060.25,19232.75,19605.25,19453.25,19604.0,19327.75,276.25,19333.5,19597.5,19643.25,19327.75,above_value,3,1,0,1,1,6,0,0,3,3
2025-04-02,19626.25,19466.25,19570.75,19058.75,18879.25,19714.0,19560.75,153.25,19598.25,19137.0,20045.25,19076.25,below_value,5,0,1,2,2,6,1,0,2,3
2025-04-03,19769.0,19569.25,19674.75,18471.0,17819.5,18948.0,18720.25,227.75,18922.25,18648.5,18988.25,18614.0,below_value,3,1,0,1,1,8,1,0,3,4
2025-04-04,18929.0,18769.0,18837.75,,,18147.0,17655.25,491.75,17916.0,17498.75,18147.0,17387.0,below_value,3,1,0,1,1,8,1,0,3,4
2025-04-06,17968.5,17645.0,17776.5,17164.25,16587.0,,,,,,,,unknown,0,0,0,0,0,0,0,0,0,0
2025-04-07,,,,18144.25,17662.5,17799.0,17150.75,648.25,17364.0,17629.5,17821.75,17150.75,unknown,3,1,0,1,1,1,0,0,0,1
2025-04-08,17738.25,17353.0,17644.0,17328.75,16860.0,18332.5,17979.25,353.25,18283.25,17232.5,18332.5,16972.0,below_value,3,1,0,1,1,2,1,0,0,1
2025-04-09,18332.5,17534.25,18030.25,19022.25,18590.25,17553.25,17214.5,338.75,17445.25,19351.0,19388.0,17214.5,above_value,1,0,0,0,1,2,1,0,0,1
2025-04-10,18898.25,17214.5,17455.25,18640.75,18376.5,18801.25,18466.75,334.5,18644.0,18502.5,18801.25,17918.25,within_value,5,0,1,2,2,11,0,0,5,6
2025-04-11,18608.25,18205.5,18468.0,,,18566.0,18270.0,296.0,18304.0,18819.0,18873.25,18270.0,above_value,1,0,0,0,1,2,1,0,0,1
2025-04-13,18857.5,18526.75,18812.75,19156.25,19025.25,,,,,,,,unknown,0,0,0,0,0,0,0,0,0,0
2025-04-14,,,,19042.0,18856.0,19193.0,18942.0,251.0,19136.0,18903.75,19193.0,18738.5,unknown,7,0,1,3,3,4,1,0,1,2
2025-04-15,19030.25,18800.5,18871.75,18731.0,18572.0,19089.25,18966.75,122.5,18968.0,18940.0,19090.75,18884.5,within_value,10,0,0,5,5,16,1,0,7,8
2025-04-16,19039.25,18924.25,18967.5,18539.25,18382.75,18735.25,18589.5,145.75,18618.0,18372.75,18735.25,18116.25,below_value,3,0,0,1,2,10,1,0,4,5
2025-04-17,18735.25,18334.0,18581.75,,,18444.0,18261.25,182.75,18321.5,18430.0,18526.0,18261.25,within_value,4,0,0,2,2,7,0,0,3,4
2025-04-20,18459.25,18340.0,18387.75,18301.75,18045.5,,,,,,,,unknown,0,0,0,0,0,0,0,0,0,0
2025-04-21,,,,18222.75,17972.5,17988.0,17857.0,131.0,17925.5,17912.0,17988.0,17700.0,unknown,3,1,0,1,1,5,0,0,2,3
2025-04-22,17888.75,17712.75,17834.25,19014.25,18624.25,18386.0,18244.5,141.5,18279.5,18359.25,18513.5,18210.5,above_value,3,1,0,1,1,13,0,0,6,7
2025-04-23,18396.0,18255.5,18354.75,18973.75,18645.75,19165.75,18881.0,284.75,19101.5,18850.0,19165.75,18729.75,above_value,3,1,0,1,1,12,0,1,5,6
2025-04-24,18951.25,18788.0,18881.0,19438.25,19281.25,19209.0,19087.5,121.5,19139.25,19346.25,19417.0,19087.5,above_value,3,1,0,1,1,4,1,0,1,2
2025-04-25,19321.0,19159.75,19243.5,,,19393.0,19234.5,158.5,19271.75,19554.75,19590.0,19234.5,above_value,1,0,0,0,1,2,1,0,0,1
2025-04-27,19490.75,19295.75,19352.75,19549.0,19450.5,,,,,,,,unknown,0,0,0,0,0,0,0,0,0,0
2025-04-28,,,,19580.25,19469.25,19539.25,19312.0,227.25,19489.25,19483.75,19579.0,19257.75,unknown,3,0,1,1,1,7,0,0,3,4
2025-04-29,19466.5,19267.0,19318.5,19512.75,19102.25,19615.25,19491.75,123.5,19497.25,19614.25,19692.5,19470.75,above_value,5,0,0,2,3,3,0,0,1,2
2025-04-30,19640.5,19485.5,19564.0,19986.5,19907.0,19438.5,19275.75,162.75,19309.25,19848.25,19878.5,19275.75,above_value,3,1,0,1,1,6,1,0,2,3
2025-05-01,19550.0,19346.75,19424.25,20105.25,19859.0,20125.25,19975.0,150.25,19998.75,19797.0,20125.25,19756.0,above_value,3,1,0,1,1,10,1,0,4,5
2025-05-02,20045.75,19935.25,20015.5,,,20194.25,20122.75,71.5,20179.25,20200.5,20277.0,20122.75,above_value,3,1,0,1,1,11,0,0,5,6
2025-05-04,20255.25,20173.75,20221.0,20078.75,20002.0,,,,,,,,unknown,0,0,0,0,0,0,0,0,0,0
2025-05-05,,,,19909.0,19771.75,20124.25,20009.0,115.25,20059.5,20041.0,20191.25,20002.0,unknown,3,1,0,1,1,11,0,0,5,6
2025-05-06,20148.5,20070.5,20131.75,20093.5,19925.0,19945.0,19881.0,64.0,19899.75,19846.25,20027.0,19808.75,below_value,1,0,0,0,1,20,1,0,9,10
2025-05-07,19947.5,19881.5,19917.0,20194.25,20055.0,19977.75,19788.5,189.25,19972.0,19957.25,20055.0,19678.5,above_value,5,1,0,2,2,11,0,0,5,6
2025-05-08,19912.0,19785.25,19829.75,20265.25,20175.75,20205.75,19978.0,227.75,20091.25,20155.75,20337.5,19978.0,above_value,5,0,1,2,2,3,0,0,1,2
2025-05-09,20337.0,20164.25,20304.5,,,20176.0,20057.5,118.5,20134.0,20146.5,20187.0,20057.5,below_value,5,0,1,2,2,1,0,0,0,1
2025-05-11,20159.75,20104.0,20138.0,20962.5,20754.25,,,,,,,,unknown,0,0,0,0,0,0,0,0,0,0
2025-05-12,,,,21070.25,20818.25,20815.75,20690.0,125.75,20741.5,20958.0,20996.0,20690.0,unknown,3,0,0,1,2,2,1,0,0,1
2025-05-13,20971.75,20789.5,20909.25,21350.5,21276.25,21293.0,21186.5,106.5,21210.25,21254.75,21347.0,21186.5,above_value,3,1,0,1,1,7,0,0,3,4
2025-05-14,21335.5,21262.0,21321.0,21339.25,21253.75,21385.0,21288.25,96.75,21342.5,21403.5,21419.75,21281.25,above_value,7,0,1,3,3,10,1,0,4,5
2025-05-15,21387.5,21334.5,21366.25,21464.0,21400.25,21423.0,21256.75,166.25,21287.75,21396.25,21529.75,21256.75,above_value,5,0,1,2,2,9,0,0,4,5
2025-05-16,21474.25,21341.0,21407.75,,,21414.5,21320.0,94.5,21413.0,21404.25,21513.0,21320.0,within_value,3,0,0,1,2,5,0,0,2,3
2025-05-18,21504.5,21402.25,21434.5,21353.75,21152.25,,,,,,,,unknown,0,0,0,0,0,0,0,0,0,0
2025-05-19,,,,21459.0,21383.25,21435.0,21377.0,58.0,21404.75,21517.5,21545.5,21377.0,unknown,3,1,0,1,1,8,1,0,3,4
2025-05-20,21542.75,21435.25,21494.25,21423.0,21315.5,21451.25,21381.5,69.75,21394.0,21419.0,21473.75,21298.0,below_value,1,0,0,0,1,7,0,0,3,4
2025-05-21,21452.0,21377.75,21421.5,21252.5,21136.5,21535.5,21372.0,163.5,21383.5,21145.25,21558.5,21071.75,below_value,3,1,0,1,1,8,1,0,3,4
2025-05-22,21558.5,21227.5,21515.5,21231.5,20873.0,21269.25,21166.5,102.75,21233.5,21214.25,21337.75,21166.25,below_value,1,0,0,0,1,7,0,0,3,4
2025-05-23,21302.0,21222.5,21253.0,,,20988.25,20883.75,104.5,20943.75,20953.25,21083.75,20883.75,below_value,3,0,0,1,2,5,0,0,2,3
2025-05-25,21032.75,20918.75,20967.25,21288.25,21190.75,,,,,,,,unknown,0,0,0,0,0,0,0,0,0,0
2025-05-26,,,,21337.0,21206.75,21269.0,21215.5,53.5,21268.25,21284.5,21296.25,21215.5,unknown,1,0,0,0,1,2,1,0,0,1
2025-05-27,21032.75,20918.75,20967.25,21510.25,21438.25,21400.75,21348.25,52.5,21369.5,21477.5,21488.25,21348.25,above_value,3,1,0,1,1,4,1,0,1,2
2025-05-28,21480.25,21398.0,21449.0,21848.25,21546.0,21477.5,21426.25,51.25,21456.0,21525.0,21528.75,21320.0,above_value,1,0,0,0,1,12,0,1,5,6
2025-05-29,21489.0,21438.5,21467.75,21388.0,21315.0,21522.0,21430.25,91.75,21456.0,21384.5,21522.0,21301.0,below_value,1,0,0,0,1,6,1,0,2,3
2025-05-30,21470.5,21367.5,21433.25,,,21399.5,21318.25,81.25,21384.5,21369.0,21433.25,21071.5,within_value,1,0,0,0,1,7,0,0,3,4
2025-06-01,21415.0,21195.75,21369.0,21329.5,21217.5,,,,,,,,unknown,0,0,0,0,0,0,0,0,0,0
2025-06-02,,,,21630.5,21489.5,21418.75,21349.0,69.75,21379.0,21554.75,21576.75,21349.0,unknown,3,1,0,1,1,4,1,0,1,2
2025-06-03,21492.0,21349.0,21428.0,21745.0,21678.5,21686.5,21584.0,102.5,21621.25,21688.0,21759.75,21584.0,above_value,3,1,0,1,1,8,0,1,3,4
2025-06-04,21725.75,21652.25,21702.0,21796.75,21720.75,21784.75,21705.0,79.75,21743.75,21747.5,21802.75,21705.0,above_value,5,1,0,2,2,9,0,0,4,5
2025-06-05,21792.75,21742.75,21771.5,21863.5,21665.0,21925.0,21700.75,224.25,21801.75,21513.5,21936.25,21503.5,below_value,3,1,0,1,1,6,1,0,2,3
2025-06-06,21844.0,21563.75,21701.25,,,21870.25,21735.75,134.5,21784.5,21809.75,21880.0,21721.5,within_value,1,0,0,0,1,1,0,0,0,1
2025-06-08,21849.75,21783.25,21814.25,21815.5,21746.75,,,,,,,,unknown,0,0,0,0,0,0,0,0,0,0
2025-06-09,,,,21881.5,21809.75,21892.5,21813.25,79.25,21852.5,21821.5,21892.5,21796.5,unknown,3,1,0,1,1,3,0,0,1,2
2025-06-10,21873.5,21833.5,21866.25,22004.5,21892.0,21889.5,21844.25,45.25,21873.0,21951.5,21992.25,21743.0,above_value,7,0,0,3,4,8,1,0,3,4
2025-06-11,21940.75,21825.0,21872.0,21881.25,21779.75,22066.75,21985.75,81.0,22038.5,21882.75,22066.75,21790.25,within_value,3,1,0,1,1,4,1,0,1,2
2025-06-12,21994.5,21823.0,21862.0,21704.75,21522.75,21977.5,21881.75,95.75,21920.5,21908.25,21977.5,21881.75,within_value,3,0,0,1,2,1,0,0,0,1
2025-06-13,21948.5,21911.25,21940.25,,,21807.5,21621.25,186.25,21627.25,21654.0,21855.75,21601.25,below_value,1,0,0,0,1,9,0,0,4,5
2025-06-15,21781.75,21613.5,21655.25,21855.25,21593.75,,,,,,,,unknown,0,0,0,0,0,0,0,0,0,0
2025-06-16,,,,22091.75,22030.25,21996.5,21947.0,49.5,21973.25,21935.5,21996.5,21910.5,unknown,3,1,0,1,1,19,0,0,9,10
2025-06-17,21967.5,21928.5,21943.25,22034.25,21955.0,22136.5,22067.25,69.25,22102.5,21953.25,22136.5,21908.0,within_value,1,0,0,0,1,2,1,0,0,1
2025-06-18,22088.0,21911.25,21961.25,21905.5,21739.25,22098.75,22041.25,57.5,22073.0,21961.25,22098.75,21883.0,within_value,3,0,0,1,2,10,1,0,4,5
2025-06-19,22065.5,21958.5,22050.0,22023.5,21828.0,21741.0,21677.5,63.5,21717.5,21704.25,21742.0,21676.5,below_value,3,1,0,1,1,1,0,0,0,1
2025-06-20,22065.5,21958.5,22050.0,,,21967.0,21775.75,191.25,21936.25,21877.5,21967.0,21760.0,below_value,3,0,0,1,2,3,0,0,1,2
2025-06-22,21898.0,21813.5,21857.75,21934.25,21744.75,,,,,,,,unknown,0,0,0,0,0,0,0,0,0,0
2025-06-23,,,,22337.25,22245.25,22018.0,21944.75,73.25,21984.75,22072.0,22093.0,21738.5,unknown,3,1,0,1,1,4,1,0,1,2
2025-06-24,22093.0,21910.75,22047.0,22548.25,22442.0,22373.5,22300.0,73.5,22308.0,22409.5,22447.75,22300.0,above_value,1,0,0,0,1,6,1,0,2,3
2025-06-25,22436.0,22368.25,22417.5,22575.0,22511.5,22524.5,22444.75,79.75,22488.5,22472.75,22524.5,22388.25,above_value,3,0,0,1,2,11,0,0,5,6
2025-06-26,22463.0,22415.5,22436.5,22767.0,22677.0,22613.25,22557.0,56.25,22569.0,22672.75,22692.75,22549.75,above_value,3,1,0,1,1,4,1,0,1,2
2025-06-27,22686.5,22599.25,22665.5,,,22814.5,22746.0,68.5,22783.25,22743.25,22820.0,22600.0,above_value,1,0,0,0,1,6,1,0,2,3
2025-06-29,22814.5,22697.0,22786.0,22871.5,22801.25,,,,,,,,unknown,0,0,0,0,0,0,0,0,0,0
2025-06-30,,,,22847.5,22782.25,22844.75,22801.25,43.5,22842.0,22865.75,22934.0,22780.0,unknown,1,0,0,0,1,10,1,0,4,5
2025-07-01,22866.5,22808.0,22832.75,22745.75,22639.0,22783.5,22593.75,189.75,22767.0,22691.5,22783.5,22593.75,below_value,3,1,0,1,1,1,0,0,0,1
2025-07-02,22744.25,22671.0,22689.0,22969.25,22831.5,22847.75,22772.25,75.5,22790.75,22853.25,22858.75,22772.25,above_value,3,1,0,1,1,2,0,1,0,1
2025-07-03,22841.25,22813.0,22829.0,22997.0,22887.5,23079.5,23034.75,44.75,23060.0,23059.0,23101.25,23028.0,above_value,3,1,0,1,1,3,0,0,1,2
2025-07-04,23078.75,23043.75,23069.0,,,22946.0,22911.0,35.0,22932.25,22904.5,22946.0,22895.5,below_value,3,1,0,1,1,2,0,1,0,1
2025-07-06,22944.0,22922.5,22930.5,22971.0,22921.0,,,,,,,,unknown,0,0,0,0,0,0,0,0,0,0
2025-07-07,22841.25,22813.0,22829.0,22938.5,22872.5,22939.5,22882.75,56.75,22937.5,22838.0,22962.75,22780.25,within_value,7,1,0,3,3,12,1,0,5,6
2025-07-08,22917.5,22848.25,22858.5,23111.25,22919.25,22942.75,22841.0,101.75,22875.0,22903.5,22962.75,22841.0,within_value,3,0,0,1,2,3,0,0,1,2
2025-07-09,22923.25,22879.5,22901.0,23078.0,22962.75,23049.0,22917.0,132.0,23048.75,23043.25,23060.5,22917.0,above_value,5,0,1,2,2,5,0,0,2,3
2025-07-10,23012.25,22937.5,22981.75,22957.5,22870.0,23001.5,22935.0,66.5,22938.0,23009.75,23050.0,22935.0,within_value,1,0,0,0,1,10,1,0,4,5
2025-07-11,23043.0,22980.5,23034.5,,,23007.5,22908.75,98.75,22990.75,22937.25,23021.75,22908.75,below_value,3,0,0,1,2,7,0,0,3,4
2025-07-13,23006.5,22960.25,22974.0,22934.25,22841.25,,,,,,,,unknown,0,0,0,0,0,0,0,0,0,0
2025-07-14,,,,23200.0,23132.0,23022.75,22922.5,100.25,22938.5,23036.25,23067.75,22922.5,unknown,3,1,0,1,1,4,1,0,1,2
2025-07-15,23057.5,23004.0,23049.75,23031.5,22970.25,23185.75,23095.5,90.25,23178.75,23018.0,23185.75,23010.5,within_value,1,0,0,0,1,6,1,0,2,3
2025-07-16,23177.0,23108.25,23141.25,23157.5,23082.25,23045.0,22898.25,146.75,23005.0,23063.0,23100.0,22835.75,below_value,7,0,1,3,3,6,1,0,2,3
2025-07-17,23072.25,22953.25,23004.25,23297.75,23249.75,23244.25,23146.75,97.5,23154.25,23265.5,23281.0,23146.75,above_value,3,1,0,1,1,6,1,0,2,3
2025-07-18,23273.75,23232.0,23258.5,,,23231.0,23180.5,50.5,23193.75,23228.75,23253.0,23170.0,below_value,3,1,0,1,1,3,0,0,1,2
2025-07-20,23225.75,23196.25,23207.5,23369.25,23223.5,,,,,,,,unknown,0,0,0,0,0,0,0,0,0,0
2025-07-21,,,,23360.75,23178.0,23424.5,23379.0,45.5,23416.5,23346.75,23424.5,23328.25,unknown,3,1,0,1,1,4,1,0,1,2
2025-07-22,23419.5,23372.5,23394.25,23271.5,23185.5,23230.0,23166.75,63.25,23168.75,23198.5,23257.0,23159.25,below_value,3,1,0,1,1,7,0,0,3,4
2025-07-23,23236.25,23191.75,23213.75,23399.5,23344.75,23218.25,23148.0,70.25,23192.75,23410.75,23416.5,23148.0,above_value,5,0,0,2,3,4,1,0,1,2
2025-07-24,23302.75,23198.5,23293.5,23405.25,23357.0,23396.5,23329.0,67.5,23332.25,23395.0,23425.0,23329.0,above_value,1,0,0,0,1,13,0,0,6,7
2025-07-25,23415.0,23368.75,23392.75,,,23423.25,23390.25,33.0,23405.25,23447.25,23477.0,23390.25,above_value,5,0,1,2,2,4,1,0,1,2
2025-07-27,23461.5,23415.0,23445.0,23527.75,23470.5,,,,,,,,unknown,0,0,0,0,0,0,0,0,0,0
2025-07-28,,,,23607.0,23540.5,23518.5,23437.0,81.5,23503.25,23509.0,23518.5,23437.0,unknown,2,0,0,1,1,1,0,0,0,1
2025-07-29,23501.0,23461.75,23487.5,23505.0,23475.25,23576.25,23458.0,118.25,23559.25,23451.5,23576.25,23422.0,below_value,1,0,0,0,1,4,1,0,1,2
2025-07-30,23519.75,23456.25,23478.75,23814.75,23669.5,23541.25,23475.0,66.25,23503.75,23662.25,23688.0,23355.0,above_value,5,0,0,2,3,12,1,0,5,6
2025-07-31,23589.75,23425.0,23534.5,23172.5,22872.25,23657.0,23483.75,173.25,23640.25,23329.25,23657.0,23286.5,below_value,1,0,0,0,1,2,1,0,0,1
2025-08-01,23547.25,23306.75,23382.5,,,23022.5,22900.0,122.5,22984.75,22874.25,23045.5,22788.25,below_value,3,1,0,1,1,10,1,0,4,5
2025-08-03,22971.25,22834.25,22877.25,23263.75,22987.25,,,,,,,,unknown,0,0,0,0,0,0,0,0,0,0
2025-08-04,,,,23374.0,23316.0,23254.75,23187.5,67.25,23250.0,23351.5,23353.75,23187.5,unknown,1,0,0,0,1,2,1,0,0,1
2025-08-05,23299.0,23219.0,23265.75,23237.0,23150.0,23291.5,23138.75,152.75,23289.75,23090.75,23291.5,23082.0,below_value,3,1,0,1,1,12,1,0,5,6
2025-08-06,23204.25,23136.75,23162.5,23655.75,23548.75,23331.25,23179.5,151.75,23199.5,23413.0,23444.75,23179.5,above_value,3,1,0,1,1,4,1,0,1,2
2025-08-07,23408.5,23226.25,23372.0,23629.0,23516.0,23593.75,23496.75,97.0,23574.5,23521.5,23593.75,23330.0,above_value,1,0,0,0,1,9,0,0,4,5
2025-08-08,23533.0,23389.0,23408.25,,,23702.75,23643.0,59.75,23675.75,23767.25,23768.5,23612.0,above_value,3,1,0,1,1,6,1,0,2,3
2025-08-10,23712.0,23660.25,23689.5,23750.75,23704.75,,,,,,,,unknown,0,0,0,0,0,0,0,0,0,0
2025-08-11,,,,23742.75,23622.0,23761.25,23713.75,47.5,23752.0,23630.0,23804.5,23587.0,unknown,3,0,0,1,2,4,1,0,1,2
2025-08-12,23799.5,23682.0,23745.0,24057.75,23970.25,23861.0,23732.5,128.5,23753.0,23948.75,23952.5,23732.5,above_value,3,1,0,1,1,4,1,0,1,2
2025-08-13,23945.5,23840.75,23911.25,23956.5,23896.0,23973.25,23892.25,81.0,23957.0,23927.75,23973.25,23886.0,within_value,1,0,0,0,1,1,0,0,0,1
2025-08-14,23951.5,23912.75,23924.5,23924.25,23838.5,24005.5,23862.75,142.75,23951.25,23891.0,24005.5,23862.75,below_value,4,0,0,2,2,1,0,0,0,1
2025-08-15,23950.75,23880.5,23920.75,,,23862.75,23786.75,76.0,23855.5,23796.5,23862.75,23734.75,below_value,3,1,0,1,1,7,0,0,3,4
2025-08-17,23826.25,23786.0,23809.75,23810.0,23754.0,,,,,,,,unknown,0,0,0,0,0,0,0,0,0,0
2025-08-18,,,,23759.0,23639.25,23788.75,23718.75,70.0,23775.5,23789.5,23816.0,23718.75,unknown,4,0,0,2,2,6,0,1,2,3
2025-08-19,23784.25,23737.25,23759.25,23447.5,23181.0,23659.0,23514.0,145.0,23627.0,23473.25,23659.0,23425.25,below_value,3,1,0,1,1,2,1,0,0,1
2025-08-20,23558.0,23426.5,23469.75,23329.0,23223.75,23228.0,23035.25,192.75,23096.0,23318.75,23368.5,23035.25,below_value,3,1,0,1,1,10,1,0,4,5
2025-08-21,23322.25,23152.5,23250.0,23519.25,23158.75,23345.75,23204.0,141.75,23345.25,23222.5,23345.75,23119.5,within_value,1,0,0,0,1,15,0,0,7,8
2025-08-22,23266.5,23173.75,23208.5,,,23650.0,23554.25,95.75,23554.25,23582.75,23650.0,23507.0,above_value,3,1,0,1,1,5,0,0,2,3
2025-08-24,23625.75,23557.75,23608.0,23543.75,23466.0,,,,,,,,unknown,0,0,0,0,0,0,0,0,0,0
2025-08-25,,,,23505.0,23441.5,23603.75,23531.25,72.5,23540.5,23502.25,23616.75,23485.5,unknown,5,1,0,2,2,8,1,0,3,4
2025-08-26,23603.75,23551.5,23572.25,23620.5,23540.5,23551.5,23503.5,48.0,23542.75,23607.25,23611.0,23479.0,above_value,1,0,0,0,1,8,1,0,3,4
2025-08-27,23551.5,23509.0,23542.5,23702.5,23587.0,23616.0,23584.0,32.0,23598.5,23542.25,23685.0,23429.0,within_value,3,1,0,1,1,16,1,0,7,8
2025-08-28,23633.0,23570.5,23601.75,23680.25,23467.75,23754.25,23628.75,125.5,23630.0,23761.25,23803.75,23628.75,above_value,3,1,0,1,1,6,1,0,2,3
2025-08-29,23792.5,23703.5,23762.25,,,23515.75,23413.5,102.25,23498.25,23454.5,23515.75,23401.5,below_value,3,1,0,1,1,1,0,0,0,1
2025-08-31,23482.75,23438.75,23456.25,23498.0,23424.75,,,,,,,,unknown,0,0,0,0,0,0,0,0,0,0
2025-09-01,,,,23299.5,23060.0,23505.0,23479.25,25.75,23484.5,23502.75,23507.0,23479.25,unknown,3,0,1,1,1,1,0,0,0,1
2025-09-02,23482.75,23438.75,23456.25,23451.75,23377.5,23261.5,23095.5,166.0,23261.25,23379.25,23386.5,23026.5,below_value,1,0,0,0,1,4,1,0,1,2
2025-09-03,23261.25,23082.25,23163.0,23515.5,23459.25,23526.0,23420.5,105.5,23433.5,23455.5,23526.0,23318.25,above_value,3,0,0,1,2,9,0,0,4,5
2025-09-04,23503.25,23370.25,23428.25,23858.0,23692.0,23556.0,23479.5,76.5,23481.0,23683.75,23709.0,23479.5,above_value,7,0,1,3,3,6,1,0,2,3
2025-09-05,23603.0,23492.0,23532.5,,,23665.75,23505.0,160.75,23653.75,23673.0,23696.25,23505.0,above_value,1,0,0,0,1,6,1,0,2,3
2025-09-07,23667.25,23596.0,23631.0,23836.0,23730.75,,,,,,,,unknown,0,0,0,0,0,0,0,0,0,0
2025-09-08,,,,23849.25,23813.75,23888.0,23844.0,44.0,23862.5,23798.5,23888.0,23758.5,unknown,3,1,0,1,1,4,1,0,1,2
2025-09-09,23852.5,23763.0,23800.5,23976.75,23905.25,23812.25,23726.5,85.75,23810.5,23889.0,23918.0,23726.5,above_value,3,1,0,1,1,8,1,0,3,4
2025-09-10,23861.25,23768.25,23841.5,23988.0,23917.0,23990.75,23920.75,70.0,23963.5,23859.0,23990.75,23785.0,within_value,3,1,0,1,1,6,1,0,2,3
2025-09-11,23965.25,23852.25,23923.5,24049.5,24008.25,24048.75,23961.5,87.25,23965.0,24006.5,24048.75,23961.5,above_value,3,1,0,1,1,1,0,0,0,1
2025-09-12,24038.25,24008.75,24025.75,,,24115.75,24064.5,51.25,24071.75,24114.5,24159.0,24064.5,above_value,3,1,0,1,1,7,0,0,3,4
2025-09-14,24120.25,24079.0,24104.5,24265.5,24130.0,,,,,,,,unknown,0,0,0,0,0,0,0,0,0,0
2025-09-15,,,,24351.25,24284.25,24278.75,24221.0,57.75,24254.25,24295.75,24315.75,24221.0,unknown,3,0,0,1,2,12,1,0,5,6
2025-09-16,24120.25,24079.0,24104.5,24529.75,24468.75,24313.75,24268.0,45.75,24296.0,24292.5,24322.75,24257.5,above_value,3,0,0,1,2,3,0,0,1,2
2025-09-17,24301.5,24274.0,24294.5,24747.5,24624.5,24459.75,24403.5,56.25,24440.25,24501.25,24550.75,24241.75,above_value,3,1,0,1,1,18,1,0,8,9
2025-09-18,24508.5,24376.0,24409.75,24807.25,24722.25,24815.75,24731.75,84.0,24786.25,24713.75,24815.75,24684.75,above_value,3,1,0,1,1,4,1,0,1,2
2025-09-19,24787.0,24726.75,24746.25,,,24790.5,24718.75,71.75,24782.5,24861.25,24888.0,24708.0,above_value,2,0,0,1,1,2,1,0,0,1
2025-09-21,24879.75,24763.75,24810.0,24889.0,24811.25,,,,,,,,unknown,0,0,0,0,0,0,0,0,0,0
2025-09-22,,,,25014.5,24954.5,24938.0,24890.25,47.75,24903.5,24996.5,25027.25,24890.25,unknown,3,1,0,1,1,2,1,0,0,1
2025-09-23,25023.5,24924.25,24991.25,24872.5,24802.25,24975.0,24930.75,44.25,24953.25,24834.25,24975.0,24779.25,below_value,5,0,0,2,3,4,1,0,1,2
2025-09-24,24975.0,24822.5,24949.0,24642.5,24447.25,24829.75,24777.0,52.75,24818.25,24747.75,24829.75,24628.0,below_value,3,0,0,1,2,2,1,0,0,1
2025-09-25,24755.0,24650.0,24724.0,24687.0,24585.0,24656.75,24583.75,73.0,24620.0,24635.25,24697.0,24453.5,below_value,4,0,0,2,2,9,0,0,4,5
2025-09-26,24655.75,24569.5,24622.25,,,24642.75,24539.0,103.75,24569.0,24727.5,24746.5,24539.0,above_value,7,0,0,3,4,2,1,0,0,1
2025-09-28,24743.0,24595.0,24716.75,24935.75,24779.25,,,,,,,,unknown,0,0,0,0,0,0,0,0,0,0
2025-09-29,,,,24816.75,24754.25,24961.25,24861.5,99.75,24957.0,24811.5,24961.25,24780.5,unknown,3,0,0,1,2,8,1,0,3,4
2025-09-30,24868.75,24809.5,24846.0,24838.25,24739.75,24864.0,24752.25,111.75,24783.75,24838.5,24913.75,24731.25,within_value,3,0,0,1,2,7,0,0,3,4
2025-10-01,24853.75,24770.25,24791.25,25093.5,25014.25,24920.75,24874.75,46.0,24884.0,25009.0,25037.0,24874.75,above_value,3,1,0,1,1,2,1,0,0,1
2025-10-02,25035.25,24922.75,25019.25,25189.5,25103.75,25090.75,24993.75,97.0,25076.25,25105.5,25126.75,24993.75,above_value,1,0,0,0,1,4,1,0,1,2
2025-10-03,25122.5,25042.25,25107.25,,,25143.0,25078.5,64.5,25090.0,24981.5,25156.0,24923.0,below_value,3,0,1,1,1,6,1,0,2,3
2025-10-05,25152.0,25005.0,25117.25,25227.5,25117.0,,,,,,,,unknown,0,0,0,0,0,0,0,0,0,0
2025-10-06,,,,25270.75,25179.5,25176.75,25110.25,66.5,25143.25,25184.0,25253.0,25110.25,unknown,1,0,0,0,1,2,1,0,0,1
2025-10-07,25244.25,25173.25,25199.5,25154.5,25030.75,25231.25,25053.75,177.5,25213.5,25055.0,25231.25,24985.25,below_value,3,1,0,1,1,15,0,0,7,8
2025-10-08,25087.25,24999.75,25038.25,25343.25,25269.75,25246.5,25172.75,73.75,25216.75,25354.5,25364.75,25172.75,above_value,3,1,0,1,1,4,1,0,1,2
2025-10-09,25319.0,25211.0,25249.0,25351.5,25304.25,25274.25,25193.5,80.75,25252.25,25287.5,25300.0,25160.75,within_value,5,0,1,2,2,6,0,1,2,3
2025-10-10,25261.25,25197.5,25217.25,,,25359.75,24802.75,557.0,25335.5,24188.25,25359.75,24157.75,below_value,5,1,0,2,2,8,1,0,3,4
2025-10-12,24900.75,24494.5,24667.75,24879.75,24761.5,,,,,,,,unknown,0,0,0,0,0,0,0,0,0,0
2025-10-13,,,,24725.0,24489.75,24888.5,24743.5,145.0,24825.0,24905.0,24965.0,24743.5,unknown,5,0,0,2,3,2,1,0,0,1
2025-10-14,24947.75,24863.5,24903.0,25076.75,24872.5,24768.75,24670.5,98.25,24721.0,24755.75,24947.25,24670.5,below_value,1,0,0,0,1,5,0,0,2,3
2025-10-15,24939.0,24732.25,24910.5,25099.25,25012.0,25116.0,25045.5,70.5,25101.5,24942.0,25116.0,24663.5,above_value,3,1,0,1,1,2,1,0,0,1
2025-10-16,25015.5,24784.5,24942.0,24936.0,24643.25,25179.75,25018.75,161.0,25081.25,24793.75,25179.75,24643.25,within_value,2,0,0,1,1,2,1,0,0,1
2025-10-17,24977.0,24666.25,24776.0,,,24914.75,24700.5,214.25,24909.0,25033.0,25054.25,24674.5,above_value,1,0,0,0,1,6,1,0,2,3
2025-10-19,25049.25,24830.0,25005.75,25283.5,25078.5,,,,,,,,unknown,0,0,0,0,0,0,0,0,0,0
2025-10-20,,,,25305.25,25233.5,25333.0,25265.0,68.0,25281.75,25326.25,25355.0,25265.0,unknown,3,1,0,1,1,7,0,0,3,4
2025-10-21,25330.75,25297.75,25317.25,25281.0,25210.0,25303.0,25203.0,100.0,25221.0,25265.0,25347.5,25203.0,below_value,4,0,0,2,2,11,0,0,5,6
2025-10-22,25324.75,25263.0,25309.75,25166.25,25030.75,25191.75,25023.0,168.75,25125.5,25040.0,25191.75,24805.25,below_value,3,1,0,1,1,3,0,0,1,2
2025-10-23,25142.25,24931.0,25034.25,25550.5,25375.25,25199.25,25133.25,66.0,25147.25,25277.25,25295.0,25119.5,above_value,3,1,0,1,1,4,1,0,1,2
2025-10-24,25283.5,25182.75,25265.75,,,25544.5,25432.5,112.0,25499.5,25510.25,25569.0,25432.5,above_value,3,1,0,1,1,9,0,0,4,5
2025-10-26,25559.75,25509.75,25548.0,25869.5,25784.25,,,,,,,,unknown,0,0,0,0,0,0,0,0,0,0
2025-10-27,,,,26094.0,25988.25,25901.75,25850.0,51.75,25868.5,26004.0,26026.0,25850.0,unknown,5,1,0,2,2,8,1,0,3,4
2025-10-28,25930.75,25855.5,25903.75,26300.25,26248.0,26056.5,26008.5,48.0,26046.0,26172.5,26232.0,26006.0,above_value,3,1,0,1,1,2,1,0,0,1
2025-10-29,26165.5,26008.5,26041.75,26258.5,26010.75,26308.5,26237.0,71.5,26298.0,26223.75,26378.5,26047.5,above_value,1,0,0,0,1,18,0,1,8,9
2025-10-30,26276.5,26183.0,26246.25,26230.75,26108.5,26098.5,25978.75,119.75,26019.75,26149.0,26149.0,25853.0,below_value,3,1,0,1,1,6,0,1,2,3
2025-10-31,26076.25,25975.0,26057.0,,,26183.0,26100.5,82.5,26106.25,25983.75,26183.0,25887.75,within_value,5,0,0,2,3,6,1,0,2,3
2025-11-02,26084.75,25899.5,25996.5,26252.75,26078.0,,,,,,,,unknown,0,0,0,0,0,0,0,0,0,0
2025-11-03,,,,25890.0,25644.75,26265.75,26034.0,231.75,26235.75,26108.5,26265.75,26012.75,unknown,2,0,0,1,1,3,0,0,1,2
2025-11-04,26147.75,26070.25,26092.0,25589.5,25440.25,25893.75,25663.0,230.75,25741.5,25577.0,25893.75,25545.0,below_value,3,1,0,1,1,8,1,0,3,4
2025-11-05,25779.25,25579.25,25663.75,25753.5,25655.75,25718.0,25487.75,230.25,25542.25,25743.5,25878.5,25487.75,within_value,1,0,0,0,1,4,1,0,1,2
2025-11-06,25871.5,25670.0,25856.5,25348.75,25149.5,25684.75,25404.25,280.5,25673.75,25258.25,25684.75,25197.25,below_value,3,1,0,1,1,6,1,0,2,3
2025-11-07,25425.75,25226.25,25331.5,25216.25,25185.75,25111.5,24881.75,229.75,25110.25,25162.25,25173.0,24709.0,below_value,3,1,0,1,1,7,0,0,3,4
2025-11-09,25033.75,24773.0,24936.0,25566.0,25420.25,,,,,,,,unknown,0,0,0,0,0,0,0,0,0,0
2025-11-10,,,,25767.75,25623.5,25666.5,25524.0,142.5,25539.0,25713.25,25760.0,25452.25,unknown,3,1,0,1,1,10,1,0,4,5
2025-11-11,25676.5,25502.5,25645.0,25813.25,25713.0,25646.0,25533.0,113.0,25605.25,25647.25,25695.75,25478.5,within_value,5,0,1,2,2,10,1,0,4,5
2025-11-12,25676.0,25545.0,25661.5,25677.0,25504.5,25780.5,25561.5,219.0,25778.5,25625.25,25780.5,25488.75,within_value,3,0,0,1,2,7,0,0,3,4
2025-11-13,25624.5,25545.0,25595.0,25167.0,24776.75,25501.5,25280.75,220.75,25477.25,25099.75,25501.5,25002.0,below_value,3,1,0,1,1,2,1,0,0,1
2025-11-14,25275.0,25013.75,25049.0,25162.75,25103.5,25028.25,24626.0,402.25,24722.75,25105.0,25293.5,24626.0,within_value,7,0,0,3,4,2,1,0,0,1
2025-11-16,25293.5,24985.0,25160.5,25293.5,25079.25,,,,,,,,unknown,0,0,0,0,0,0,0,0,0,0
2025-11-17,,,,24846.75,24655.0,25254.75,24955.25,299.5,24997.75,24886.75,25254.75,24732.0,unknown,3,0,0,1,2,2,1,0,0,1
2025-11-18,25226.5,24947.25,25092.0,24648.0,24517.0,24832.0,24430.0,402.0,24718.25,24584.5,24832.0,24380.0,below_value,3,1,0,1,1,3,0,0,1,2
2025-11-19,24788.75,24551.0,24737.0,25224.75,25057.5,24988.0,24572.75,415.25,24610.75,24725.75,24988.0,24508.0,within_value,3,1,0,1,1,3,0,0,1,2
2025-11-20,24772.5,24579.5,24632.25,24234.5,24086.75,25300.25,25145.0,155.25,25209.25,24135.25,25310.0,24099.5,below_value,3,1,0,1,1,2,1,0,0,1
2025-11-21,25310.0,24400.75,25224.75,24341.75,24310.25,24298.25,24027.0,271.25,24203.75,24313.0,24596.5,23927.25,below_value,1,0,0,0,1,10,1,0,4,5
2025-11-23,24421.5,24038.5,24359.5,24522.5,24414.25,,,,,,,,unknown,0,0,0,0,0,0,0,0,0,0
2025-11-24,,,,24960.5,24876.75,24769.5,24513.5,256.0,24522.25,24935.5,24993.25,24513.5,unknown,3,1,0,1,1,2,1,0,0,1
2025-11-25,24993.25,24716.0,24934.25,25218.5,25149.5,24882.0,24602.0,280.0,24856.75,25079.25,25135.75,24602.0,above_value,4,0,0,2,2,2,1,0,0,1
2025-11-26,24965.0,24602.0,24780.0,25323.25,25301.25,25281.5,25134.75,146.75,25222.0,25296.0,25375.5,25134.75,above_value,3,1,0,1,1,2,1,0,0,1
2025-11-27,25369.75,25227.0,25334.5,25390.5,25329.25,25318.0,25287.0,31.0,25301.5,25299.75,25318.0,25285.75,within_value,1,0,0,0,1,1,0,0,0,1
2025-11-28,25302.75,25292.75,25298.0,,,25421.5,25329.5,92.0,25359.5,25484.75,25500.25,25329.5,above_value,3,1,0,1,1,6,0,1,2,3
2025-11-30,25433.25,25372.75,25414.75,25328.75,25238.0,,,,,,,,unknown,0,0,0,0,0,0,0,0,0,0
2025-12-01,25369.75,25227.0,25334.5,25522.5,25395.0,25389.75,25209.0,180.75,25254.75,25401.75,25495.75,25209.0,above_value,2,0,0,1,1,9,0,0,4,5
2025-12-02,25421.25,25267.0,25402.5,25676.0,25578.0,25654.25,25471.25,183.0,25492.25,25600.0,25670.0,25413.75,above_value,3,1,0,1,1,3,0,0,1,2
2025-12-03,25640.0,25532.25,25599.0,25664.0,25626.75,25574.25,25430.0,144.25,25495.0,25657.25,25685.75,25430.0,above_value,6,0,0,3,3,14,1,0,6,7
2025-12-04,25634.0,25491.5,25567.75,25747.0,25636.75,25713.25,25520.0,193.25,25711.75,25627.5,25713.25,25487.0,within_value,1,0,0,0,1,3,0,0,1,2
2025-12-05,25622.25,25561.0,25579.0,25739.75,25731.75,25867.75,25660.5,207.25,25679.75,25726.0,25867.75,25651.0,above_value,3,1,0,1,1,1,0,0,0,1
2025-12-07,25761.5,25678.0,25725.0,25813.75,25769.0,,,,,,,,unknown,0,0,0,0,0,0,0,0,0,0
2025-12-08,,,,25707.25,25646.75,25860.75,25656.75,204.0,25791.5,25669.25,25860.75,25563.75,unknown,7,1,0,3,3,6,0,0,3,3
2025-12-09,25703.0,25582.5,25639.0,25697.5,25638.5,25670.0,25560.0,110.0,25618.75,25702.0,25738.5,25560.0,within_value,3,0,0,1,2,4,1,0,1,2
2025-12-10,25729.75,25645.25,25701.5,25702.75,25486.5,25673.0,25567.0,106.0,25647.25,25802.75,25869.75,25528.25,above_value,3,1,0,1,1,8,1,0,3,4
2025-12-11,25719.75,25563.25,25631.25,25748.25,25583.25,25649.75,25390.25,259.5,25643.0,25714.5,25723.0,25390.25,within_value,3,0,0,1,2,4,1,0,1,2
2025-12-12,25643.25,25476.75,25497.75,25215.0,25202.0,25620.5,25315.0,305.5,25559.75,25215.5,25620.5,25117.75,below_value,3,0,1,1,1,4,1,0,1,2
2025-12-14,25363.5,25151.25,25235.25,25330.5,25131.25,,,,,,,,unknown,0,0,0,0,0,0,0,0,0,0
2025-12-15,,,,25033.25,24857.75,25410.0,25034.5,375.5,25408.0,25084.75,25410.0,25034.5,unknown,3,0,1,1,1,1,0,0,0,1
2025-12-16,25363.5,25151.25,25235.25,25508.0,25348.5,25164.5,24936.5,228.0,24989.25,25131.5,25202.25,24926.25,below_value,7,0,1,3,3,2,0,0,1,1
2025-12-17,25101.0,24982.25,25075.0,25102.0,24892.0,25449.25,25245.25,204.0,25422.25,24892.0,25449.25,24887.75,below_value,1,0,0,0,1,2,1,0,0,1
2025-12-18,25251.25,24922.25,24951.75,25386.0,25271.75,25338.0,25160.75,177.25,25279.0,25252.0,25417.0,25160.75,above_value,3,1,0,1,1,9,0,0,4,5
2025-12-19,25345.75,25187.75,25264.5,25594.75,25580.75,25601.0,25356.25,244.75,25361.75,25581.25,25601.0,25356.25,above_value,3,1,0,1,1,1,0,0,0,1
2025-12-21,25588.25,25511.75,25572.5,25718.75,25645.0,,,,,,,,unknown,0,0,0,0,0,0,0,0,0,0
2025-12-22,,,,25728.75,25665.75,25795.0,25671.0,124.0,25780.75,25688.25,25795.0,25629.5,unknown,3,0,0,1,2,3,0,0,1,2
2025-12-23,25716.5,25677.75,25691.75,25822.25,25794.75,25751.25,25627.25,124.0,25644.25,25811.25,25820.25,25627.25,above_value,6,0,0,3,3,2,1,0,0,1
2025-12-24,25778.5,25668.5,25769.75,,,25841.0,25781.75,59.25,25795.75,25861.75,25892.25,25781.75,above_value,3,0,0,1,2,2,1,0,0,1
2025-12-25,25888.25,25814.25,25874.25,25907.5,25874.25,,,,,,,,unknown,0,0,0,0,0,0,0,0,0,0
2025-12-26,,,,25870.5,25859.25,25935.0,25834.25,100.75,25899.25,25866.75,25935.0,25834.25,unknown,5,0,0,2,3,1,0,0,0,1
2025-12-28,25893.5,25859.0,25874.0,25863.75,25731.5,,,,,,,,unknown,0,0,0,0,0,0,0,0,0,0
2025-12-29,,,,25744.5,25710.0,25818.75,25661.5,157.25,25707.0,25741.25,25818.75,25647.75,unknown,5,0,0,2,3,3,0,0,1,2
2025-12-30,25746.75,25675.75,25691.75,25653.0,25562.75,25774.75,25673.5,101.25,25692.5,25678.0,25794.0,25668.25,within_value,3,0,0,1,2,3,0,0,1,2
2025-12-31,25739.75,25690.25,25730.0,25458.75,25438.75,25692.25,25568.25,124.0,25679.0,25455.0,25692.25,25444.5,below_value,3,1,0,1,1,4,1,0,1,2
