session_date,opening_window_minutes,orh,orl,or_range,prior_rth_vah,prior_rth_val,prior_rth_poc,overnight_vah,overnight_val,overnight_poc,or_vs_prior_rth,or_vs_overnight,retest_prior_rth_during_preib,price_at_ib_vs_prior_rth,ibh,ibl,ib_range
2025-01-02,15,21373.0,21166.5,206.5,,,,21268.5,21219.25,21231.75,unknown,at_vah,False,unknown,21444.0,21166.5,277.5
2025-01-03,15,21431.5,21276.75,154.75,21350.5,21071.25,21292.75,21501.0,21482.0,21492.5,at_vah,below_val,True,above_vah,21440.75,21260.75,180.0
2025-01-06,15,21828.75,21723.75,105.0,,,,21783.75,21728.0,21754.0,unknown,at_vah,False,unknown,21886.75,21723.75,163.0
2025-01-07,15,21806.25,21695.0,111.25,21891.5,21752.5,21866.25,21421.0,21314.5,21344.75,at_val,above_vah,True,below_val,21806.25,21524.75,281.5
2025-01-08,15,21384.75,21289.75,95.0,21615.25,21399.25,21445.5,21329.75,21281.25,21314.25,below_val,at_vah,True,below_val,21406.0,21231.25,174.75
2025-01-10,15,21197.25,21067.75,129.5,,,,21024.25,20999.75,21008.0,unknown,above_vah,False,unknown,21197.25,20874.75,322.5
2025-01-13,15,20786.0,20701.5,84.5,,,,21106.25,21019.0,21044.25,unknown,below_val,False,unknown,20855.75,20701.5,154.25
2025-01-14,15,21129.25,21018.0,111.25,20877.25,20742.5,20771.75,21260.75,20908.75,20945.0,above_vah,within_value,False,above_vah,21129.25,20965.75,163.5
2025-01-15,15,21307.5,21186.5,121.0,21030.75,20825.75,20992.0,21523.0,21405.5,21466.0,above_vah,below_val,False,above_vah,21408.5,21186.5,222.0
2025-01-16,15,21498.0,21404.5,93.5,21403.5,21285.0,21343.5,21491.75,21171.75,21340.5,above_vah,at_vah,True,within_value,21498.0,21336.0,162.0
2025-01-17,15,21653.5,21492.25,161.25,21425.0,21335.25,21390.5,21593.0,21578.0,21582.5,above_vah,at_vah,False,above_vah,21653.5,21481.0,172.5
2025-01-20,15,21780.0,21713.25,66.75,,,,21737.75,21594.25,21704.0,unknown,at_vah,False,unknown,21780.0,21676.75,103.25
2025-01-21,15,21718.5,21589.5,129.0,21637.5,21543.5,21617.75,21932.5,21836.75,21889.75,at_vah,below_val,True,within_value,21718.5,21525.5,193.0
2025-01-22,15,21982.0,21902.5,79.5,21711.5,21572.5,21624.0,21951.75,21862.75,21891.5,above_vah,at_vah,False,above_vah,22037.0,21902.5,134.5
2025-01-23,15,21915.75,21866.0,49.75,22061.5,21992.5,22019.5,22029.5,21990.5,22006.5,below_val,below_val,False,below_val,21918.25,21866.0,52.25
2025-01-24,15,22052.75,22000.0,52.75,21969.75,21901.75,21933.25,21910.0,21897.25,21900.75,above_vah,above_vah,False,above_vah,22078.0,21987.5,90.5
2025-01-27,15,21303.0,21108.25,194.75,,,,21338.0,21268.0,21296.25,unknown,at_val,False,unknown,21370.5,21108.25,262.25
2025-01-28,15,21319.75,21172.5,147.25,21292.0,21151.25,21205.5,21695.25,21584.0,21665.5,at_vah,below_val,True,above_vah,21481.25,21160.75,320.5
2025-01-29,15,21606.25,21498.5,107.75,21625.5,21399.5,21545.75,21702.5,21592.25,21661.25,within_value,at_val,True,within_value,21606.25,21480.5,125.75
2025-01-30,15,21668.75,21597.25,71.5,21561.0,21473.75,21524.25,21806.0,21728.75,21786.0,above_vah,below_val,True,within_value,21748.75,21522.0,226.75
2025-01-31,15,21838.25,21764.0,74.25,21650.25,21517.25,21550.5,21581.0,21554.0,21573.25,above_vah,above_vah,False,above_vah,21921.5,21764.0,157.5
2025-02-03,15,21314.75,21177.75,137.0,,,,21475.75,21329.25,21387.25,unknown,below_val,False,unknown,21363.5,21113.25,250.25
2025-02-04,15,21523.5,21405.0,118.5,21511.0,21324.25,21402.25,21572.5,21458.0,21516.25,at_vah,at_val,True,above_vah,21663.5,21405.0,258.5
2025-02-05,15,21587.75,21519.0,68.75,21680.0,21591.0,21652.0,21804.25,21746.75,21772.0,below_val,below_val,True,below_val,21609.0,21501.0,108.0
2025-02-06,15,21790.0,21738.0,52.0,21753.25,21571.5,21711.0,21881.5,21838.5,21868.0,at_vah,below_val,True,above_vah,21849.5,21738.0,111.5
2025-02-07,15,21967.75,21869.5,98.25,21823.75,21761.5,21776.5,21595.5,21581.25,21587.5,above_vah,above_vah,True,below_val,21967.75,21685.0,282.75
2025-02-10,15,21803.0,21742.25,60.75,,,,21812.5,21728.25,21759.0,unknown,within_value,False,unknown,21873.5,21742.25,131.25
2025-02-11,15,21797.0,21700.25,96.75,21881.75,21826.0,21867.75,21848.5,21566.5,21791.5,below_val,within_value,True,within_value,21845.25,21700.25,145.0
2025-02-12,15,21667.75,21535.75,132.0,21833.25,21763.75,21785.0,21877.75,21776.5,21821.5,below_val,below_val,False,below_val,21739.0,21535.75,203.25
2025-02-13,15,21951.0,21835.0,116.0,21838.25,21674.0,21791.0,22130.75,22069.0,22107.0,at_vah,below_val,True,above_vah,21996.5,21835.0,161.5
2025-02-14,15,22138.0,22088.0,50.0,22014.5,21864.5,21977.5,22212.0,22191.75,22200.25,above_vah,below_val,False,above_vah,22160.0,22088.0,72.0
2025-02-17,15,22242.0,22192.0,50.0,,,,22315.5,22262.75,22284.25,unknown,below_val,False,unknown,22242.0,22192.0,50.0
2025-02-18,15,22268.0,22211.0,57.0,22166.0,22102.75,22128.5,22281.5,22214.75,22263.0,above_vah,at_val,True,within_value,22268.0,22130.25,137.75
2025-02-19,15,22221.5,22172.75,48.75,22204.5,22148.75,22174.25,22221.25,22173.75,22182.75,at_vah,at_vah,True,within_value,22221.5,22118.0,103.5
2025-02-20,15,22227.0,22166.0,61.0,22256.25,22162.25,22235.75,22188.0,22111.75,22148.0,within_value,at_vah,True,below_val,22227.0,21950.75,276.25
2025-02-21,15,22188.0,22096.75,91.25,22109.0,22012.75,22050.25,21692.25,21671.25,21682.75,at_vah,above_vah,True,below_val,22188.0,21992.25,195.75
2025-02-24,15,21801.75,21684.0,117.75,,,,21445.0,21365.5,21431.0,unknown,above_vah,False,unknown,21801.75,21436.75,365.0
2025-02-25,15,21397.5,21311.0,86.5,21643.5,21500.0,21522.0,21326.75,21241.75,21275.75,below_val,at_vah,False,below_val,21397.5,21028.0,369.5
2025-02-26,15,21274.25,21188.5,85.75,21253.5,21071.25,21197.75,21373.75,21208.0,21321.5,at_vah,at_val,True,above_vah,21372.0,21188.5,183.5
2025-02-27,15,21381.0,21170.0,211.0,21401.0,21203.5,21371.0,20657.5,20583.75,20622.0,at_val,above_vah,True,below_val,21381.0,20896.5,484.5
2025-02-28,15,20644.75,20460.25,184.5,21210.0,20896.5,21056.5,20912.5,20888.75,20897.5,below_val,below_val,False,below_val,20759.0,20460.25,298.75
2025-03-03,15,21120.75,20942.25,178.5,,,,20582.5,20382.75,20508.0,unknown,above_vah,False,unknown,21120.75,20759.75,361.0
2025-03-04,15,20430.0,20258.5,171.5,21000.75,20709.0,20921.5,20578.0,20467.25,20547.0,below_val,below_val,False,below_val,20430.0,20075.75,354.25
2025-03-05,15,20455.75,20313.0,142.75,20407.5,20108.75,20180.0,20654.5,20375.25,20605.5,at_vah,at_val,True,within_value,20496.75,20270.25,226.5
2025-03-06,15,20319.75,20228.25,91.5,20532.0,20228.0,20385.5,20214.25,20123.0,20179.0,within_value,above_vah,True,within_value,20483.5,20228.25,255.25
2025-03-07,15,20190.75,20024.25,166.5,20343.25,20008.0,20106.5,20218.0,20186.25,20206.5,within_value,at_val,True,below_val,20242.25,20024.25,218.0
2025-03-10,15,19697.25,19617.5,79.75,,,,19565.5,19394.5,19460.25,unknown,above_vah,False,unknown,19697.25,19520.0,177.25
2025-03-11,15,19384.5,19265.25,119.25,19675.25,19455.0,19610.5,19772.0,19572.0,19702.25,below_val,below_val,True,within_value,19508.5,19265.25,243.25
2025-03-12,15,19644.0,19501.0,143.0,19502.25,19282.25,19365.75,19582.25,19426.25,19543.0,at_vah,at_vah,True,above_vah,19644.0,19395.0,249.0
2025-03-13,15,19531.5,19409.0,122.5,19698.25,19555.25,19629.0,19539.25,19387.25,19475.75,below_val,within_value,False,below_val,19531.5,19342.75,188.75
2025-03-14,15,19561.5,19467.25,94.25,19392.25,19221.0,19309.75,,,,above_vah,unknown,False,above_vah,19665.0,19467.25,197.75
2025-03-17,15,19759.5,19676.0,83.5,,,,19832.75,19532.75,19762.25,unknown,within_value,False,unknown,19759.5,19654.5,105.0
2025-03-18,15,19530.0,19466.75,63.25,19697.5,19622.5,19671.5,19814.0,19693.5,19772.25,below_val,below_val,False,below_val,19530.0,19401.0,129.0
2025-03-19,15,19866.0,19815.75,50.25,19528.5,19465.75,19483.0,20088.75,19856.5,20051.0,above_vah,at_val,False,above_vah,19883.75,19788.75,95.0
2025-03-20,15,20100.0,20022.0,78.0,19963.0,19790.0,19874.25,19800.25,19622.0,19704.5,above_vah,above_vah,False,above_vah,20105.0,20008.75,96.25
2025-03-21,15,19760.75,19694.5,66.25,19998.75,19800.75,19875.5,,,,below_val,unknown,True,below_val,19811.75,19694.5,117.25
2025-03-24,15,20352.25,20314.0,38.25,,,,20436.5,20361.75,20406.75,unknown,below_val,False,unknown,20371.0,20314.0,57.0
2025-03-25,15,20481.25,20421.75,59.5,20369.5,20328.25,20334.25,20494.5,20320.75,20460.5,above_vah,within_value,False,above_vah,20496.5,20421.75,74.75
2025-03-26,15,20296.25,20270.5,25.75,20471.75,20415.25,20443.75,20108.0,20012.25,20072.25,below_val,above_vah,False,below_val,20320.5,20253.5,67.0
2025-03-27,15,20172.0,20106.25,65.75,20203.75,20047.75,20118.75,19982.5,19845.5,19879.0,within_value,above_vah,True,within_value,20199.0,20106.25,92.75
2025-03-28,15,19660.75,19586.5,74.25,20111.75,20006.5,20062.5,,,,below_val,unknown,False,below_val,19660.75,19554.75,106.0
2025-03-31,15,19165.5,19060.25,105.25,,,,19424.5,19332.25,19360.25,unknown,below_val,False,unknown,19233.0,19060.25,172.75
2025-04-01,15,19464.5,19327.75,136.75,19362.75,19060.25,19232.75,19605.25,19453.25,19570.75,at_vah,at_val,True,above_vah,19604.0,19327.75,276.25
2025-04-02,15,19628.75,19560.75,68.0,19626.25,19466.25,19570.75,19058.75,18879.25,18990.5,at_vah,above_vah,True,above_vah,19714.0,19560.75,153.25
2025-04-03,15,18948.0,18832.5,115.5,19769.0,19569.25,19674.75,18471.0,17819.5,18141.25,below_val,above_vah,False,below_val,18948.0,18720.25,227.75
2025-04-04,15,17968.5,17833.0,135.5,18929.0,18769.0,18837.75,,,,below_val,unknown,False,below_val,18147.0,17655.25,491.75
2025-04-07,15,17691.25,17160.5,530.75,,,,18144.25,17662.5,17768.5,unknown,at_val,False,unknown,17799.0,17150.75,648.25
2025-04-08,15,18332.5,18226.0,106.5,17738.25,17353.0,17644.0,17328.75,16860.0,16945.0,above_vah,above_vah,False,above_vah,18332.5,17979.25,353.25
2025-04-09,15,17553.25,17397.5,155.75,18332.5,17534.25,18030.25,19022.25,18590.25,18826.25,at_val,below_val,True,below_val,17553.25,17214.5,338.75
2025-04-10,15,18801.25,18642.75,158.5,18898.25,17214.5,17455.25,18640.75,18376.5,18524.75,within_value,above_vah,True,within_value,18801.25,18466.75,334.5
2025-04-11,15,18506.0,18270.0,236.0,18608.25,18205.5,18468.0,,,,within_value,unknown,True,within_value,18566.0,18270.0,296.0
2025-04-14,15,19177.0,19114.0,63.0,,,,19042.0,18856.0,18988.75,unknown,above_vah,False,unknown,19193.0,18942.0,251.0
2025-04-15,15,19077.75,18966.75,111.0,19030.25,18800.5,18871.75,18731.0,18572.0,18693.5,at_vah,above_vah,True,within_value,19089.25,18966.75,122.5
2025-04-16,15,18668.75,18592.75,76.0,19039.25,18924.25,18967.5,18539.25,18382.75,18411.5,below_val,above_vah,False,below_val,18735.25,18589.5,145.75
2025-04-17,15,18356.0,18261.25,94.75,18735.25,18334.0,18581.75,,,,at_val,unknown,True,within_value,18444.0,18261.25,182.75
2025-04-21,15,17988.0,17909.25,78.75,,,,18222.75,17972.5,18100.25,unknown,at_val,False,unknown,17988.0,17857.0,131.0
2025-04-22,15,18319.5,18244.5,75.0,17888.75,17712.75,17834.25,19014.25,18624.25,18740.0,above_vah,below_val,False,above_vah,18386.0,18244.5,141.5
2025-04-23,15,19165.75,19085.0,80.75,18396.0,18255.5,18354.75,18973.75,18645.75,18846.75,above_vah,above_vah,False,above_vah,19165.75,18881.0,284.75
2025-04-24,15,19180.75,19106.75,74.0,18951.25,18788.0,18881.0,19438.25,19281.25,19408.0,above_vah,below_val,False,above_vah,19209.0,19087.5,121.5
2025-04-25,15,19362.5,19234.5,128.0,19321.0,19159.75,19243.5,,,,at_vah,unknown,True,above_vah,19393.0,19234.5,158.5
2025-04-28,15,19528.75,19446.5,82.25,,,,19580.25,19469.25,19506.25,unknown,at_val,False,unknown,19539.25,19312.0,227.25
2025-04-29,15,19582.25,19491.75,90.5,19466.5,19267.0,19318.5,19512.75,19102.25,19272.25,above_vah,at_vah,False,above_vah,19615.25,19491.75,123.5
2025-04-30,15,19355.0,19275.75,79.25,19640.5,19485.5,19564.0,19986.5,19907.0,19929.25,below_val,below_val,False,below_val,19438.5,19275.75,162.75
2025-05-01,15,20045.0,19975.0,70.0,19550.0,19346.75,19424.25,20105.25,19859.0,19934.25,above_vah,within_value,False,above_vah,20125.25,19975.0,150.25
2025-05-02,15,20181.0,20128.0,53.0,20045.75,19935.25,20015.5,,,,above_vah,unknown,False,above_vah,20194.25,20122.75,71.5
2025-05-05,15,20089.75,20009.0,80.75,,,,19909.0,19771.75,19839.0,unknown,above_vah,False,unknown,20124.25,20009.0,115.25
2025-05-06,15,19923.25,19881.0,42.25,20148.5,20070.5,20131.75,20093.5,19925.0,20001.5,below_val,below_val,False,below_val,19945.0,19881.0,64.0
2025-05-07,15,19977.75,19950.5,27.25,19947.5,19881.5,19917.0,20194.25,20055.0,20091.5,above_vah,below_val,True,below_val,19977.75,19788.5,189.25
2025-05-08,15,20117.5,20038.0,79.5,19912.0,19785.25,19829.75,20265.25,20175.75,20232.25,above_vah,below_val,False,above_vah,20205.75,19978.0,227.75
2025-05-09,15,20151.0,20057.5,93.5,20337.0,20164.25,20304.5,,,,below_val,unknown,True,below_val,20176.0,20057.5,118.5
2025-05-12,15,20795.75,20690.0,105.75,,,,21070.25,20818.25,20858.75,unknown,below_val,False,unknown,20815.75,20690.0,125.75
2025-05-13,15,21229.25,21189.0,40.25,20971.75,20789.5,20909.25,21350.5,21276.25,21338.25,above_vah,below_val,False,above_vah,21293.0,21186.5,106.5
2025-05-14,15,21358.0,21313.25,44.75,21335.5,21262.0,21321.0,21339.25,21253.75,21297.0,at_vah,at_vah,True,above_vah,21385.0,21288.25,96.75
2025-05-15,15,21308.5,21256.75,51.75,21387.5,21334.5,21366.25,21464.0,21400.25,21434.75,below_val,below_val,True,above_vah,21423.0,21256.75,166.25
2025-05-16,15,21414.5,21322.5,92.0,21474.25,21341.0,21407.75,,,,at_val,unknown,True,within_value,21414.5,21320.0,94.5
2025-05-19,15,21434.75,21381.75,53.0,,,,21459.0,21383.25,21431.75,unknown,at_val,False,unknown,21435.0,21377.0,58.0
2025-05-20,15,21447.5,21381.5,66.0,21542.75,21435.25,21494.25,21423.0,21315.5,21381.75,at_val,at_vah,True,below_val,21451.25,21381.5,69.75
2025-05-21,15,21417.25,21372.0,45.25,21452.0,21377.75,21421.5,21252.5,21136.5,21197.25,at_val,above_vah,True,above_vah,21535.5,21372.0,163.5
2025-05-22,15,21269.25,21205.0,64.25,21558.5,21227.5,21515.5,21231.5,20873.0,21169.5,at_val,at_vah,True,within_value,21269.25,21166.5,102.75
2025-05-23,15,20987.25,20933.25,54.0,21302.0,21222.5,21253.0,,,,below_val,unknown,False,below_val,20988.25,20883.75,104.5
2025-05-26,15,21269.0,21231.5,37.5,,,,21337.0,21206.75,21237.5,unknown,within_value,False,unknown,21269.0,21215.5,53.5
2025-05-27,15,21387.0,21357.75,29.25,21032.75,20918.75,20967.25,21510.25,21438.25,21467.5,above_vah,below_val,False,above_vah,21400.75,21348.25,52.5
2025-05-28,15,21464.5,21433.0,31.5,21480.25,21398.0,21449.0,21848.25,21546.0,21792.75,within_value,below_val,True,within_value,21477.5,21426.25,51.25
2025-05-29,15,21475.5,21430.25,45.25,21489.0,21438.5,21467.75,21388.0,21315.0,21350.5,at_val,above_vah,True,within_value,21522.0,21430.25,91.75
2025-05-30,15,21399.5,21359.0,40.5,21470.5,21367.5,21433.25,,,,at_val,unknown,True,below_val,21399.5,21318.25,81.25
2025-06-02,15,21418.75,21349.0,69.75,,,,21630.5,21489.5,21521.5,unknown,below_val,False,unknown,21418.75,21349.0,69.75
2025-06-03,15,21621.25,21584.0,37.25,21492.0,21349.0,21428.0,21745.0,21678.5,21703.75,above_vah,below_val,False,above_vah,21686.5,21584.0,102.5
2025-06-04,15,21758.5,21709.25,49.25,21725.75,21652.25,21702.0,21796.75,21720.75,21751.0,at_vah,at_val,True,above_vah,21784.75,21705.0,79.75
2025-06-05,15,21867.25,21700.75,166.5,21792.75,21742.75,21771.5,21863.5,21665.0,21817.5,at_vah,at_vah,True,above_vah,21925.0,21700.75,224.25
2025-06-06,15,21836.5,21763.75,72.75,21844.0,21563.75,21701.25,,,,within_value,unknown,True,within_value,21870.25,21735.75,134.5
2025-06-09,15,21892.5,21848.0,44.5,,,,21881.5,21809.75,21858.5,unknown,at_vah,False,unknown,21892.5,21813.25,79.25
2025-06-10,15,21885.75,21860.5,25.25,21873.5,21833.5,21866.25,22004.5,21892.0,21972.5,at_vah,below_val,True,below_val,21889.5,21844.25,45.25
2025-06-11,15,22050.75,22023.0,27.75,21940.75,21825.0,21872.0,21881.25,21779.75,21835.0,above_vah,above_vah,False,above_vah,22066.75,21985.75,81.0
2025-06-12,15,21947.0,21910.25,36.75,21994.5,21823.0,21862.0,21704.75,21522.75,21651.5,within_value,above_vah,True,within_value,21977.5,21881.75,95.75
2025-06-13,15,21746.75,21621.25,125.5,21948.5,21911.25,21940.25,,,,below_val,unknown,False,below_val,21807.5,21621.25,186.25
2025-06-16,15,21981.5,21953.75,27.75,,,,22091.75,22030.25,22048.75,unknown,below_val,False,unknown,21996.5,21947.0,49.5
2025-06-17,15,22112.25,22075.0,37.25,21967.5,21928.5,21943.25,22034.25,21955.0,22006.0,above_vah,above_vah,False,above_vah,22136.5,22067.25,69.25
2025-06-18,15,22098.75,22064.75,34.0,22088.0,21911.25,21961.25,21905.5,21739.25,21848.5,at_vah,above_vah,True,within_value,22098.75,22041.25,57.5
2025-06-19,15,21722.5,21677.5,45.0,22065.5,21958.5,22050.0,22023.5,21828.0,21901.5,below_val,below_val,False,below_val,21741.0,21677.5,63.5
2025-06-20,15,21967.0,21866.75,100.25,22065.5,21958.5,22050.0,,,,at_val,unknown,True,below_val,21967.0,21775.75,191.25
2025-06-23,15,22006.0,21970.0,36.0,,,,22337.25,22245.25,22301.5,unknown,below_val,False,unknown,22018.0,21944.75,73.25
2025-06-24,15,22340.0,22305.0,35.0,22093.0,21910.75,22047.0,22548.25,22442.0,22490.75,above_vah,below_val,False,above_vah,22373.5,22300.0,73.5
2025-06-25,15,22515.0,22482.25,32.75,22436.0,22368.25,22417.5,22575.0,22511.5,22564.0,above_vah,at_val,False,above_vah,22524.5,22444.75,79.75
2025-06-26,15,22599.25,22561.5,37.75,22463.0,22415.5,22436.5,22767.0,22677.0,22734.25,above_vah,below_val,False,above_vah,22613.25,22557.0,56.25
2025-06-27,15,22814.5,22763.5,51.0,22686.5,22599.25,22665.5,,,,above_vah,unknown,False,above_vah,22814.5,22746.0,68.5
2025-06-30,15,22844.75,22808.75,36.0,,,,22847.5,22782.25,22797.25,unknown,within_value,False,unknown,22844.75,22801.25,43.5
2025-07-01,15,22783.5,22701.75,81.75,22866.5,22808.0,22832.75,22745.75,22639.0,22713.0,below_val,at_vah,False,below_val,22783.5,22593.75,189.75
2025-07-02,15,22816.75,22772.25,44.5,22744.25,22671.0,22689.0,22969.25,22831.5,22858.0,above_vah,below_val,False,above_vah,22847.75,22772.25,75.5
2025-07-03,15,23069.5,23041.25,28.25,22841.25,22813.0,22829.0,22997.0,22887.5,22922.0,above_vah,above_vah,False,above_vah,23079.5,23034.75,44.75
2025-07-04,15,22946.0,22930.25,15.75,23078.75,23043.75,23069.0,,,,below_val,unknown,False,below_val,22946.0,22911.0,35.0
2025-07-07,15,22939.5,22916.75,22.75,22841.25,22813.0,22829.0,22938.5,22872.5,22916.75,above_vah,at_vah,False,above_vah,22939.5,22882.75,56.75
2025-07-08,15,22942.75,22872.75,70.0,22917.5,22848.25,22858.5,23111.25,22919.25,23084.5,at_vah,at_val,True,within_value,22942.75,22841.0,101.75
2025-07-09,15,23049.0,22963.0,86.0,22923.25,22879.5,22901.0,23078.0,22962.75,23033.0,above_vah,within_value,True,above_vah,23049.0,22917.0,132.0
2025-07-10,15,22979.25,22935.0,44.25,23012.25,22937.5,22981.75,22957.5,22870.0,22891.0,at_val,at_vah,True,within_value,23001.5,22935.0,66.5
2025-07-11,15,23007.5,22974.0,33.5,23043.0,22980.5,23034.5,,,,at_val,unknown,True,below_val,23007.5,22908.75,98.75
2025-07-14,15,22959.5,22922.5,37.0,,,,23200.0,23132.0,23167.25,unknown,below_val,False,unknown,23022.75,22922.5,100.25
2025-07-15,15,23185.75,23130.75,55.0,23057.5,23004.0,23049.75,23031.5,22970.25,22985.5,above_vah,above_vah,False,above_vah,23185.75,23095.5,90.25
2025-07-16,15,23031.0,22988.5,42.5,23177.0,23108.25,23141.25,23157.5,23082.25,23118.5,below_val,below_val,False,below_val,23045.0,22898.25,146.75
2025-07-17,15,23180.0,23146.75,33.25,23072.25,22953.25,23004.25,23297.75,23249.75,23277.75,above_vah,below_val,False,above_vah,23244.25,23146.75,97.5
2025-07-18,15,23224.25,23190.0,34.25,23273.75,23232.0,23258.5,,,,below_val,unknown,False,below_val,23231.0,23180.5,50.5
2025-07-21,15,23424.5,23401.5,23.0,,,,23360.75,23178.0,23305.25,unknown,above_vah,False,unknown,23424.5,23379.0,45.5
2025-07-22,15,23226.75,23166.75,60.0,23419.5,23372.5,23394.25,23271.5,23185.5,23237.5,below_val,at_val,False,below_val,23230.0,23166.75,63.25
2025-07-23,15,23194.75,23148.0,46.75,23236.25,23191.75,23213.75,23399.5,23344.75,23358.75,at_val,below_val,True,within_value,23218.25,23148.0,70.25
2025-07-24,15,23361.5,23329.0,32.5,23302.75,23198.5,23293.5,23405.25,23357.0,23372.75,above_vah,at_val,False,above_vah,23396.5,23329.0,67.5
2025-07-25,15,23423.25,23393.0,30.25,23415.0,23368.75,23392.75,,,,at_vah,unknown,True,above_vah,23423.25,23390.25,33.0
2025-07-28,15,23518.5,23494.25,24.25,,,,23607.0,23540.5,23586.0,unknown,below_val,False,unknown,23518.5,23437.0,81.5
2025-07-29,15,23576.25,23548.75,27.5,23501.0,23461.75,23487.5,23505.0,23475.25,23483.0,above_vah,above_vah,True,within_value,23576.25,23458.0,118.25
2025-07-30,15,23529.0,23503.5,25.5,23519.75,23456.25,23478.75,23814.75,23669.5,23795.0,at_vah,below_val,True,within_value,23541.25,23475.0,66.25
2025-07-31,15,23657.0,23600.0,57.0,23589.75,23425.0,23534.5,23172.5,22872.25,23112.5,above_vah,above_vah,True,within_value,23657.0,23483.75,173.25
2025-08-01,15,23022.5,22954.5,68.0,23547.25,23306.75,23382.5,,,,below_val,unknown,False,below_val,23022.5,22900.0,122.5
2025-08-04,15,23254.75,23214.5,40.25,,,,23374.0,23316.0,23343.25,unknown,below_val,False,unknown,23254.75,23187.5,67.25
2025-08-05,15,23291.5,23177.5,114.0,23299.0,23219.0,23265.75,23237.0,23150.0,23168.0,at_val,at_vah,True,below_val,23291.5,23138.75,152.75
2025-08-06,15,23263.5,23179.5,84.0,23204.25,23136.75,23162.5,23655.75,23548.75,23610.0,at_vah,below_val,True,above_vah,23331.25,23179.5,151.75
2025-08-07,15,23584.0,23540.25,43.75,23408.5,23226.25,23372.0,23629.0,23516.0,23544.25,above_vah,within_value,False,above_vah,23593.75,23496.75,97.0
2025-08-08,15,23702.75,23670.25,32.5,23533.0,23389.0,23408.25,,,,above_vah,unknown,False,above_vah,23702.75,23643.0,59.75
2025-08-11,15,23761.25,23741.25,20.0,,,,23742.75,23622.0,23641.75,unknown,at_vah,False,unknown,23761.25,23713.75,47.5
2025-08-12,15,23767.5,23742.5,25.0,23799.5,23682.0,23745.0,24057.75,23970.25,23993.5,within_value,below_val,True,above_vah,23861.0,23732.5,128.5
2025-08-13,15,23973.25,23942.5,30.75,23945.5,23840.75,23911.25,23956.5,23896.0,23927.0,at_vah,at_vah,True,within_value,23973.25,23892.25,81.0
2025-08-14,15,23989.25,23950.75,38.5,23951.5,23912.75,23924.5,23924.25,23838.5,23905.75,at_vah,above_vah,True,below_val,24005.5,23862.75,142.75
2025-08-15,15,23862.75,23826.25,36.5,23950.75,23880.5,23920.75,,,,below_val,unknown,False,below_val,23862.75,23786.75,76.0
2025-08-18,15,23788.75,23751.5,37.25,,,,23759.0,23639.25,23684.25,unknown,at_vah,False,unknown,23788.75,23718.75,70.0
2025-08-19,15,23659.0,23562.5,96.5,23784.25,23737.25,23759.25,23447.5,23181.0,23416.0,below_val,above_vah,False,below_val,23659.0,23514.0,145.0
2025-08-20,15,23109.25,23057.25,52.0,23558.0,23426.5,23469.75,23329.0,23223.75,23303.0,below_val,below_val,False,below_val,23228.0,23035.25,192.75
2025-08-21,15,23345.75,23249.0,96.75,23322.25,23152.5,23250.0,23519.25,23158.75,23248.0,at_vah,within_value,True,within_value,23345.75,23204.0,141.75
2025-08-22,15,23625.75,23554.25,71.5,23266.5,23173.75,23208.5,,,,above_vah,unknown,False,above_vah,23650.0,23554.25,95.75
2025-08-25,15,23567.0,23531.25,35.75,,,,23505.0,23441.5,23471.25,unknown,above_vah,False,unknown,23603.75,23531.25,72.5
2025-08-26,15,23549.0,23514.5,34.5,23603.75,23551.5,23572.25,23620.5,23540.5,23598.0,below_val,at_val,True,below_val,23551.5,23503.5,48.0
2025-08-27,15,23616.0,23595.75,20.25,23551.5,23509.0,23542.5,23702.5,23587.0,23619.0,above_vah,within_value,False,above_vah,23616.0,23584.0,32.0
2025-08-28,15,23701.75,23628.75,73.0,23633.0,23570.5,23601.75,23680.25,23467.75,23656.25,at_vah,at_vah,True,above_vah,23754.25,23628.75,125.5
2025-08-29,15,23515.75,23469.0,46.75,23792.5,23703.5,23762.25,,,,below_val,unknown,False,below_val,23515.75,23413.5,102.25
2025-09-01,15,23491.75,23482.75,9.0,,,,23299.5,23060.0,23233.5,unknown,above_vah,False,unknown,23505.0,23479.25,25.75
2025-09-02,15,23261.5,23178.25,83.25,23482.75,23438.75,23456.25,23451.75,23377.5,23433.25,below_val,below_val,False,below_val,23261.5,23095.5,166.0
2025-09-03,15,23515.5,23432.25,83.25,23261.25,23082.25,23163.0,23515.5,23459.25,23469.5,above_vah,at_vah,False,above_vah,23526.0,23420.5,105.5
2025-09-04,15,23530.25,23479.5,50.75,23503.25,23370.25,23428.25,23858.0,23692.0,23783.0,at_vah,below_val,True,above_vah,23556.0,23479.5,76.5
2025-09-05,15,23665.75,23589.25,76.5,23603.0,23492.0,23532.5,,,,at_vah,unknown,True,above_vah,23665.75,23505.0,160.75
2025-09-08,15,23886.75,23851.75,35.0,,,,23849.25,23813.75,23826.75,unknown,above_vah,False,unknown,23888.0,23844.0,44.0
2025-09-09,15,23812.25,23726.5,85.75,23852.5,23763.0,23800.5,23976.75,23905.25,23945.25,at_val,below_val,True,within_value,23812.25,23726.5,85.75
2025-09-10,15,23982.25,23955.25,27.0,23861.25,23768.25,23841.5,23988.0,23917.0,23954.75,above_vah,within_value,False,above_vah,23990.75,23920.75,70.0
2025-09-11,15,24018.0,23961.5,56.5,23965.25,23852.25,23923.5,24049.5,24008.25,24028.75,at_vah,at_val,True,above_vah,24048.75,23961.5,87.25
2025-09-12,15,24088.25,24064.5,23.75,24038.25,24008.75,24025.75,,,,above_vah,unknown,False,above_vah,24115.75,24064.5,51.25
2025-09-15,15,24260.0,24221.0,39.0,,,,24351.25,24284.25,24303.25,unknown,below_val,False,unknown,24278.75,24221.0,57.75
2025-09-16,15,24313.75,24285.0,28.75,24120.25,24079.0,24104.5,24529.75,24468.75,24519.0,above_vah,below_val,False,above_vah,24313.75,24268.0,45.75
2025-09-17,15,24459.75,24423.75,36.0,24301.5,24274.0,24294.5,24747.5,24624.5,24674.0,above_vah,below_val,False,above_vah,24459.75,24403.5,56.25
2025-09-18,15,24809.0,24758.25,50.75,24508.5,24376.0,24409.75,24807.25,24722.25,24782.25,above_vah,at_vah,False,above_vah,24815.75,24731.75,84.0
2025-09-19,15,24790.5,24751.75,38.75,24787.0,24726.75,24746.25,,,,at_vah,unknown,True,below_val,24790.5,24718.75,71.75
2025-09-22,15,24921.5,24890.25,31.25,,,,25014.5,24954.5,25000.0,unknown,below_val,False,unknown,24938.0,24890.25,47.75
2025-09-23,15,24975.0,24946.5,28.5,25023.5,24924.25,24991.25,24872.5,24802.25,24824.5,within_value,above_vah,True,within_value,24975.0,24930.75,44.25
2025-09-24,15,24827.75,24793.25,34.5,24975.0,24822.5,24949.0,24642.5,24447.25,24578.5,at_val,above_vah,True,below_val,24829.75,24777.0,52.75
2025-09-25,15,24647.5,24608.75,38.75,24755.0,24650.0,24724.0,24687.0,24585.0,24600.25,below_val,within_value,True,below_val,24656.75,24583.75,73.0
2025-09-26,15,24642.75,24539.0,103.75,24655.75,24569.5,24622.25,,,,at_val,unknown,True,within_value,24642.75,24539.0,103.75
2025-09-29,15,24961.25,24935.0,26.25,,,,24816.75,24754.25,24794.0,unknown,above_vah,False,unknown,24961.25,24861.5,99.75
2025-09-30,15,24809.5,24752.25,57.25,24868.75,24809.5,24846.0,24838.25,24739.75,24778.75,straddling,within_value,True,below_val,24864.0,24752.25,111.75
2025-10-01,15,24912.0,24874.75,37.25,24853.75,24770.25,24791.25,25093.5,25014.25,25058.5,above_vah,below_val,False,above_vah,24920.75,24874.75,46.0
2025-10-02,15,25090.75,25054.5,36.25,25035.25,24922.75,25019.25,25189.5,25103.75,25146.0,above_vah,below_val,True,within_value,25090.75,24993.75,97.0
2025-10-03,15,25128.5,25078.5,50.0,25122.5,25042.25,25107.25,,,,at_vah,unknown,True,above_vah,25143.0,25078.5,64.5
2025-10-06,15,25152.0,25110.25,41.75,,,,25270.75,25179.5,25237.0,unknown,below_val,False,unknown,25176.75,25110.25,66.5
2025-10-07,15,25231.25,25186.25,45.0,25244.25,25173.25,25199.5,25154.5,25030.75,25088.25,within_value,above_vah,True,below_val,25231.25,25053.75,177.5
2025-10-08,15,25226.0,25194.75,31.25,25087.25,24999.75,25038.25,25343.25,25269.75,25327.5,above_vah,below_val,False,above_vah,25246.5,25172.75,73.75
2025-10-09,15,25253.0,25200.5,52.5,25319.0,25211.0,25249.0,25351.5,25304.25,25328.75,at_val,below_val,True,below_val,25274.25,25193.5,80.75
2025-10-10,15,25348.25,25315.5,32.75,25261.25,25197.5,25217.25,,,,above_vah,unknown,True,below_val,25359.75,24802.75,557.0
2025-10-13,15,24888.5,24795.0,93.5,,,,24725.0,24489.75,24633.5,unknown,above_vah,False,unknown,24888.5,24743.5,145.0
2025-10-14,15,24737.0,24680.5,56.5,24947.75,24863.5,24903.0,25076.75,24872.5,24963.5,below_val,below_val,False,below_val,24768.75,24670.5,98.25
2025-10-15,15,25116.0,25079.0,37.0,24939.0,24732.25,24910.5,25099.25,25012.0,25068.0,above_vah,at_vah,False,above_vah,25116.0,25045.5,70.5
2025-10-16,15,25179.0,25081.25,97.75,25015.5,24784.5,24942.0,24936.0,24643.25,24753.75,above_vah,above_vah,False,above_vah,25179.75,25018.75,161.0
2025-10-17,15,24914.75,24784.25,130.5,24977.0,24666.25,24776.0,,,,within_value,unknown,True,within_value,24914.75,24700.5,214.25
2025-10-20,15,25305.25,25265.0,40.25,,,,25305.25,25233.5,25279.0,unknown,within_value,False,unknown,25333.0,25265.0,68.0
2025-10-21,15,25266.75,25203.0,63.75,25330.75,25297.75,25317.25,25281.0,25210.0,25253.0,below_val,at_val,True,below_val,25303.0,25203.0,100.0
2025-10-22,15,25142.25,25072.0,70.25,25324.75,25263.0,25309.75,25166.25,25030.75,25092.5,below_val,within_value,False,below_val,25191.75,25023.0,168.75
2025-10-23,15,25190.5,25133.25,57.25,25142.25,24931.0,25034.25,25550.5,25375.25,25520.75,at_vah,below_val,True,above_vah,25199.25,25133.25,66.0
2025-10-24,15,25536.0,25468.5,67.5,25283.5,25182.75,25265.75,,,,above_vah,unknown,False,above_vah,25544.5,25432.5,112.0
2025-10-27,15,25891.5,25856.25,35.25,,,,26094.0,25988.25,26056.0,unknown,below_val,False,unknown,25901.75,25850.0,51.75
2025-10-28,15,26052.25,26014.25,38.0,25930.75,25855.5,25903.75,26300.25,26248.0,26269.5,above_vah,below_val,False,above_vah,26056.5,26008.5,48.0
2025-10-29,15,26308.5,26272.0,36.5,26165.5,26008.5,26041.75,26258.5,26010.75,26111.75,above_vah,above_vah,False,above_vah,26308.5,26237.0,71.5
2025-10-30,15,26098.5,26015.5,83.0,26276.5,26183.0,26246.25,26230.75,26108.5,26193.5,below_val,below_val,False,below_val,26098.5,25978.75,119.75
2025-10-31,15,26167.75,26100.5,67.25,26076.25,25975.0,26057.0,,,,above_vah,unknown,False,above_vah,26183.0,26100.5,82.5
2025-11-03,15,26265.75,26155.0,110.75,,,,25890.0,25644.75,25767.25,unknown,above_vah,False,unknown,26265.75,26034.0,231.75
2025-11-04,15,25782.0,25663.0,119.0,26147.75,26070.25,26092.0,25589.5,25440.25,25525.5,below_val,above_vah,False,below_val,25893.75,25663.0,230.75
2025-11-05,15,25577.25,25487.75,89.5,25779.25,25579.25,25663.75,25753.5,25655.75,25731.0,below_val,below_val,True,within_value,25718.0,25487.75,230.25
2025-11-06,15,25684.75,25585.75,99.0,25871.5,25670.0,25856.5,25348.75,25149.5,25247.25,at_val,above_vah,True,below_val,25684.75,25404.25,280.5
2025-11-07,15,25111.5,24917.5,194.0,25425.75,25226.25,25331.5,25216.25,25185.75,25200.75,below_val,below_val,False,below_val,25111.5,24881.75,229.75
2025-11-10,15,25639.75,25524.0,115.75,,,,25767.75,25623.5,25740.5,unknown,at_val,False,unknown,25666.5,25524.0,142.5
2025-11-11,15,25646.0,25583.75,62.25,25676.5,25502.5,25645.0,25813.25,25713.0,25786.75,within_value,below_val,True,within_value,25646.0,25533.0,113.0
2025-11-12,15,25780.5,25637.25,143.25,25676.0,25545.0,25661.5,25677.0,25504.5,25570.5,at_vah,at_vah,True,within_value,25780.5,25561.5,219.0
2025-11-13,15,25501.5,25284.0,217.5,25624.5,25545.0,25595.0,25167.0,24776.75,25131.25,below_val,above_vah,False,below_val,25501.5,25280.75,220.75
2025-11-14,15,24844.75,24626.0,218.75,25275.0,25013.75,25049.0,25162.75,25103.5,25132.25,below_val,below_val,True,below_val,25028.25,24626.0,402.25
2025-11-17,15,25199.25,24955.25,244.0,,,,24846.75,24655.0,24734.0,unknown,above_vah,False,unknown,25254.75,24955.25,299.5
2025-11-18,15,24832.0,24646.75,185.25,25226.5,24947.25,25092.0,24648.0,24517.0,24545.25,below_val,at_vah,False,below_val,24832.0,24430.0,402.0
2025-11-19,15,24758.5,24572.75,185.75,24788.75,24551.0,24737.0,25224.75,25057.5,25146.75,within_value,below_val,True,above_vah,24988.0,24572.75,415.25
2025-11-20,15,25242.25,25145.0,97.25,24772.5,24579.5,24632.25,24234.5,24086.75,24187.5,above_vah,above_vah,False,above_vah,25300.25,25145.0,155.25
2025-11-21,15,24280.0,24152.75,127.25,25310.0,24400.75,25224.75,24341.75,24310.25,24321.5,below_val,below_val,False,below_val,24298.25,24027.0,271.25
2025-11-24,15,24722.25,24513.5,208.75,,,,24960.5,24876.75,24933.75,unknown,below_val,False,unknown,24769.5,24513.5,256.0
2025-11-25,15,24882.0,24719.5,162.5,24993.25,24716.0,24934.25,25218.5,25149.5,25195.75,within_value,below_val,True,within_value,24882.0,24602.0,280.0
2025-11-26,15,25271.0,25189.25,81.75,24965.0,24602.0,24780.0,25323.25,25301.25,25312.5,above_vah,below_val,False,above_vah,25281.5,25134.75,146.75
2025-11-27,15,25318.0,25287.0,31.0,25369.75,25227.0,25334.5,25390.5,25329.25,25344.0,within_value,below_val,True,within_value,25318.0,25287.0,31.0
2025-11-28,15,25421.5,25329.5,92.0,25302.75,25292.75,25298.0,,,,above_vah,unknown,False,above_vah,25421.5,25329.5,92.0
2025-12-01,15,25319.75,25209.0,110.75,25369.75,25227.0,25334.5,25522.5,25395.0,25490.5,at_val,below_val,True,within_value,25389.75,25209.0,180.75
2025-12-02,15,25613.0,25471.25,141.75,25421.25,25267.0,25402.5,25676.0,25578.0,25657.5,above_vah,at_val,False,above_vah,25654.25,25471.25,183.0
2025-12-03,15,25538.0,25451.5,86.5,25640.0,25532.25,25599.0,25664.0,25626.75,25647.25,at_val,below_val,True,within_value,25574.25,25430.0,144.25
2025-12-04,15,25713.25,25550.5,162.75,25634.0,25491.5,25567.75,25747.0,25636.75,25715.75,at_vah,at_val,True,within_value,25713.25,25520.0,193.25
2025-12-05,15,25777.75,25660.5,117.25,25622.25,25561.0,25579.0,25739.75,25731.75,25735.5,above_vah,at_vah,False,above_vah,25867.75,25660.5,207.25
2025-12-08,15,25860.75,25768.0,92.75,,,,25707.25,25646.75,25692.5,unknown,above_vah,False,unknown,25860.75,25656.75,204.0
2025-12-09,15,25653.25,25560.0,93.25,25703.0,25582.5,25639.0,25697.5,25638.5,25679.0,at_val,at_val,True,within_value,25670.0,25560.0,110.0
2025-12-10,15,25663.25,25567.0,96.25,25729.75,25645.25,25701.5,25702.75,25486.5,25672.75,at_val,within_value,True,below_val,25673.0,25567.0,106.0
2025-12-11,15,25649.75,25555.75,94.0,25719.75,25563.25,25631.25,25748.25,25583.25,25669.75,at_val,at_val,True,within_value,25649.75,25390.25,259.5
2025-12-12,15,25620.5,25522.0,98.5,25643.25,25476.75,25497.75,25215.0,25202.0,25211.0,within_value,above_vah,True,below_val,25620.5,25315.0,305.5
2025-12-15,15,25410.0,25285.75,124.25,,,,25033.25,24857.75,24894.25,unknown,above_vah,False,unknown,25410.0,25034.5,375.5
2025-12-16,15,25106.5,24966.0,140.5,25363.5,25151.25,25235.25,25508.0,25348.5,25443.0,below_val,below_val,True,below_val,25164.5,24936.5,228.0
2025-12-17,15,25449.25,25296.75,152.5,25101.0,24982.25,25075.0,25102.0,24892.0,24983.0,above_vah,above_vah,False,above_vah,25449.25,25245.25,204.0
2025-12-18,15,25329.5,25173.0,156.5,25251.25,24922.25,24951.75,25386.0,25271.75,25372.25,at_vah,at_val,True,above_vah,25338.0,25160.75,177.25
2025-12-19,15,25548.75,25356.25,192.5,25345.75,25187.75,25264.5,25594.75,25580.75,25586.0,above_vah,below_val,False,above_vah,25601.0,25356.25,244.75
2025-12-22,15,25795.0,25671.0,124.0,,,,25728.75,25665.75,25697.5,unknown,at_vah,False,unknown,25795.0,25671.0,124.0
2025-12-23,15,25737.5,25638.0,99.5,25716.5,25677.75,25691.75,25822.25,25794.75,25812.5,at_vah,below_val,True,within_value,25751.25,25627.25,124.0
2025-12-24,15,25827.5,25781.75,45.75,25778.5,25668.5,25769.75,,,,above_vah,unknown,False,above_vah,25841.0,25781.75,59.25
2025-12-26,15,25932.5,25864.5,68.0,,,,25870.5,25859.25,25864.25,unknown,at_vah,False,unknown,25935.0,25834.25,100.75
2025-12-29,15,25818.75,25664.25,154.5,,,,25744.5,25710.0,25736.75,unknown,at_vah,False,unknown,25818.75,25661.5,157.25
2025-12-30,15,25733.0,25675.5,57.5,25746.75,25675.75,25691.75,25653.0,25562.75,25621.25,at_val,above_vah,True,within_value,25774.75,25673.5,101.25
2025-12-31,15,25692.25,25608.75,83.5,25739.75,25690.25,25730.0,25458.75,25438.75,25442.75,at_val,above_vah,True,below_val,25692.25,25568.25,124.0
