session_date,session_high,session_low,poc,vah,val,total_volume,prior_rth_vah,prior_rth_val,prior_rth_poc,prior_rth_high,prior_rth_low,overnight_vah,overnight_val,overnight_poc,overnight_high,overnight_low,ibh,ibl,ib_range,rth_open,rth_close,rth_high,rth_low,normalized_volume,prior_vah,prior_val,prior_poc,prior_high,prior_low,prior_normalized_volume
2025-01-01,21490.75,21121.0,21380.25,21483.0,21320.5,509729,,,,,,21483.0,21320.5,21380.25,21490.75,21121.0,,,,,,,,0.3956691074913091,,,,,,
2025-01-02,21444.0,20983.25,21231.75,21337.0,21090.75,1752348,,,,,,21268.5,21219.25,21231.75,21303.0,21144.25,21444.0,21166.5,277.5,21348.0,21169.25,21444.0,20983.25,1.360232533707481,21483.0,21320.5,21380.25,21490.75,21121.0,0.3956691074913091
2025-01-03,21559.25,21260.75,21364.75,21472.5,21296.75,1066134,21350.5,21071.25,21292.75,21444.0,20983.25,21501.0,21482.0,21492.5,21513.75,21476.25,21440.75,21260.75,180.0,21293.75,21508.0,21559.25,21260.75,0.8275697247873661,21337.0,21090.75,21231.75,21444.0,20983.25,1.360232533707481
2025-01-05,21761.0,21478.75,21730.75,21761.0,21563.25,377474,21469.5,21296.75,21364.75,21559.25,21260.75,21761.0,21563.25,21730.75,21761.0,21478.75,,,,,,,,0.29300824689427996,21472.5,21296.75,21364.75,21559.25,21260.75,0.8275697247873661
2025-01-06,21897.0,21646.5,21776.0,21828.0,21686.5,1428805,,,,,,21783.75,21728.0,21754.0,21797.5,21659.0,21886.75,21723.75,163.0,21732.75,21750.25,21897.0,21646.5,1.1090873760941988,21761.0,21563.25,21730.75,21761.0,21478.75,0.29300824689427996
2025-01-07,21806.25,21221.25,21444.0,21553.5,21309.0,2021216,21891.5,21752.5,21866.25,21897.0,21646.5,21421.0,21314.5,21344.75,21448.25,21221.25,21806.25,21524.75,281.5,21793.25,21360.0,21806.25,21279.5,1.5689370837585341,21828.0,21686.5,21776.0,21897.0,21646.5,1.1090873760941988
2025-01-08,21431.5,21166.0,21324.0,21370.5,21287.0,1621722,21615.25,21399.25,21445.5,21806.25,21279.5,21329.75,21281.25,21314.25,21389.5,21217.5,21406.0,21231.25,174.75,21355.75,21357.5,21431.5,21166.0,1.2588361587020178,21553.5,21309.0,21444.0,21806.25,21221.25,1.5689370837585341
2025-01-09,21372.5,21044.5,21288.75,21323.25,21156.75,583657,21383.0,21298.5,21343.0,21431.5,21166.0,21323.25,21156.75,21288.75,21372.5,21044.5,,,,,,,,0.4530545530488848,21370.5,21287.0,21324.0,21431.5,21166.0,1.2588361587020178
2025-01-10,21197.25,20874.75,21012.5,21149.75,20963.0,1567805,,,,,,21024.25,20999.75,21008.0,21035.75,20988.25,21197.25,20874.75,322.5,21193.25,21017.25,21197.25,20874.75,1.2169839367005053,21323.25,21156.75,21288.75,21372.5,21044.5,0.4530545530488848
2025-01-12,21037.0,20693.5,20815.75,20891.75,20702.5,570205,21149.75,20961.25,21069.0,21197.25,20874.75,20891.75,20702.5,20815.75,21037.0,20693.5,,,,,,,,0.44261264993179106,21149.75,20963.0,21012.5,21197.25,20874.75,1.2169839367005053
2025-01-13,21143.75,20701.5,20771.75,20913.75,20714.0,1806445,,,,,,21106.25,21019.0,21044.25,21143.75,20935.0,20855.75,20701.5,154.25,20765.75,20948.0,20964.75,20701.5,1.4022244778738073,20891.75,20702.5,20815.75,21037.0,20693.5,0.44261264993179106
2025-01-14,21329.0,20773.25,20992.0,21028.5,20809.5,1770248,20877.25,20742.5,20771.75,20964.75,20701.5,21260.75,20908.75,20945.0,21329.0,20908.75,21129.25,20965.75,163.5,21071.25,20921.25,21129.25,20773.25,1.3741271267639765,20913.75,20714.0,20771.75,21143.75,20701.5,1.4022244778738073
2025-01-15,21566.75,21186.5,21387.0,21443.0,21285.5,1544668,21030.75,20825.75,20992.0,21129.25,20773.25,21523.0,21405.5,21466.0,21566.75,21352.75,21408.5,21186.5,222.0,21252.25,21399.75,21452.75,21186.5,1.1990242048821735,21028.5,20809.5,20992.0,21329.0,20773.25,1.3741271267639765
2025-01-16,21680.0,21171.75,21390.5,21452.5,21314.0,1626658,21403.5,21285.0,21343.5,21452.75,21186.5,21491.75,21171.75,21340.5,21680.0,21171.75,21498.0,21336.0,162.0,21495.0,21247.75,21498.0,21244.25,1.262667650954915,21443.0,21285.5,21387.0,21566.75,21186.5,1.1990242048821735
2025-01-17,21672.5,21481.0,21617.75,21637.5,21544.5,1097137,21425.0,21335.25,21390.5,21498.0,21244.25,21593.0,21578.0,21582.5,21602.25,21572.0,21653.5,21481.0,172.5,21651.0,21601.0,21672.5,21481.0,0.8516353152080662,21452.5,21314.0,21390.5,21680.0,21171.75,1.262667650954915
2025-01-19,21726.5,21527.25,21566.25,21627.25,21538.0,322849,21637.5,21543.5,21617.75,21672.5,21481.0,21627.25,21538.0,21566.25,21726.5,21527.25,,,,,,,,0.25060645104449947,21637.5,21544.5,21617.75,21672.5,21481.0,0.8516353152080662
2025-01-20,21780.0,21370.25,21697.0,21744.75,21610.25,758347,,,,,,21737.75,21594.25,21704.0,21746.5,21370.25,21780.0,21676.75,103.25,21723.5,21680.5,21780.0,21623.0,0.5886549140007961,21627.25,21538.0,21566.25,21726.5,21527.25,0.25060645104449947
2025-01-21,21934.5,21525.5,21624.0,21749.0,21572.5,1289930,21637.5,21543.5,21617.75,21672.5,21481.0,21932.5,21836.75,21889.75,21934.5,21711.0,21718.5,21525.5,193.0,21712.0,21714.5,21772.0,21525.5,1.0012878447690132,21744.75,21610.25,21697.0,21780.0,21370.25,0.5886549140007961
2025-01-22,22094.0,21855.5,22019.5,22047.0,21930.5,1195843,21711.5,21572.5,21624.0,21772.0,21525.5,21951.75,21862.75,21891.5,22005.75,21855.5,22037.0,21902.5,134.5,21915.0,21997.25,22094.0,21902.5,0.9282542929865273,21749.0,21572.5,21624.0,21934.5,21525.5,1.0012878447690132
2025-01-23,22059.0,21866.0,21933.25,21985.75,21869.25,1200108,22061.5,21992.5,22019.5,22094.0,21902.5,22029.5,21990.5,22006.5,22059.0,21971.25,21918.25,21866.0,52.25,21889.0,22042.5,22044.0,21866.0,0.9315649320583683,22047.0,21930.5,22019.5,22094.0,21855.5,0.9282542929865273
2025-01-24,22078.0,21843.25,21994.5,22078.0,21918.75,975091,21969.75,21901.75,21933.25,22044.0,21866.0,21910.0,21897.25,21900.75,21918.75,21892.0,22078.0,21987.5,90.5,22044.25,21908.0,22078.0,21843.25,0.7568990300587334,21985.75,21869.25,21933.25,22059.0,21866.0,0.9315649320583683
2025-01-26,21774.0,20763.75,21529.5,21616.25,21048.25,1073415,22078.0,21926.75,21994.5,22078.0,21843.25,21616.25,21048.25,21529.5,21774.0,20763.75,,,,,,,,0.8332214863540893,22078.0,21918.75,21994.5,22078.0,21843.25,0.7568990300587334
2025-01-27,21423.25,21096.75,21301.75,21327.5,21178.0,2054538,,,,,,21338.0,21268.0,21296.25,21423.25,21218.0,21370.5,21108.25,262.25,21123.75,21259.25,21418.0,21096.75,1.594802761402587,21616.25,21048.25,21529.5,21774.0,20763.75,0.8332214863540893
2025-01-28,21697.25,21160.75,21562.25,21627.0,21362.25,1655276,21292.0,21151.25,21205.5,21418.0,21096.75,21695.25,21584.0,21665.5,21697.25,21531.0,21481.25,21160.75,320.5,21302.0,21576.25,21626.0,21160.75,1.2848819226918307,21327.5,21178.0,21301.75,21423.25,21096.75,1.594802761402587
2025-01-29,21709.5,21368.0,21524.25,21568.25,21421.5,1885539,21625.5,21399.5,21545.75,21626.0,21160.75,21702.5,21592.25,21661.25,21709.5,21393.5,21606.25,21480.5,125.75,21600.0,21530.0,21606.25,21368.0,1.4636199495615425,21627.0,21362.25,21562.25,21697.25,21160.75,1.2848819226918307
2025-01-30,21813.75,21419.0,21550.5,21700.0,21512.25,1735180,21561.0,21473.75,21524.25,21606.25,21368.0,21806.0,21728.75,21786.0,21813.75,21583.5,21748.75,21522.0,226.75,21650.0,21621.75,21748.75,21419.0,1.3469061441212287,21568.25,21421.5,21524.25,21709.5,21368.0,1.4636199495615425
2025-01-31,21965.75,21531.5,21905.0,21957.5,21714.5,1464138,21650.25,21517.25,21550.5,21748.75,21419.0,21581.0,21554.0,21573.25,21592.5,21531.5,21921.5,21764.0,157.5,21774.25,21580.75,21965.75,21536.25,1.136514060812923,21700.0,21512.25,21550.5,21813.75,21419.0,1.3469061441212287
2025-02-02,21280.25,20940.25,21207.0,21270.0,21080.75,767698,21957.5,21724.75,21905.0,21965.75,21536.25,21270.0,21080.75,21207.0,21280.25,20940.25,,,,,,,,0.5959134804628794,21957.5,21714.5,21905.0,21965.75,21531.5,1.136514060812923
2025-02-03,21600.0,21113.25,21402.25,21505.0,21333.25,2024150,,,,,,21475.75,21329.25,21387.25,21600.0,21240.75,21363.5,21113.25,250.25,21215.75,21404.5,21520.0,21113.25,1.5712145550450012,21270.0,21080.75,21207.0,21280.25,20940.25,0.5959134804628794
2025-02-04,21694.75,21405.0,21650.75,21680.0,21540.0,1286851,21511.0,21324.25,21402.25,21520.0,21113.25,21572.5,21458.0,21516.25,21693.0,21429.0,21663.5,21405.0,258.5,21421.75,21668.0,21694.75,21405.0,0.9988978195164463,21505.0,21333.25,21402.25,21600.0,21113.25,1.5712145550450012
2025-02-05,21833.0,21501.0,21713.5,21830.5,21585.5,1266044,21680.0,21591.0,21652.0,21694.75,21405.0,21804.25,21746.75,21772.0,21833.0,21706.0,21609.0,21501.0,108.0,21550.75,21760.5,21769.25,21501.0,0.9827467134982059,21680.0,21540.0,21650.75,21694.75,21405.0,0.9988978195164463
2025-02-06,21923.5,21711.75,21776.5,21842.0,21751.25,1242067,21753.25,21571.5,21711.0,21769.25,21501.0,21881.5,21838.5,21868.0,21923.5,21762.25,21849.5,21738.0,111.5,21776.75,21871.0,21882.0,21711.75,0.9641349449107425,21830.5,21585.5,21713.5,21833.0,21501.0,0.9827467134982059
2025-02-07,21967.75,21553.0,21587.5,21750.0,21573.5,1289992,21823.75,21761.5,21776.5,21882.0,21711.75,21595.5,21581.25,21587.5,21603.5,21574.25,21967.75,21685.0,282.75,21885.5,21588.0,21967.75,21553.0,1.0013359712924492,21842.0,21751.25,21776.5,21923.5,21711.75,0.9641349449107425
2025-02-09,21791.5,21415.0,21698.0,21767.0,21664.25,295502,21751.0,21573.5,21656.75,21967.75,21553.0,21767.0,21664.25,21698.0,21791.5,21415.0,,,,,,,,0.22937877303801987,21750.0,21573.5,21587.5,21967.75,21553.0,1.0013359712924492
2025-02-10,21893.75,21669.5,21867.75,21886.25,21776.75,1014160,,,,,,21812.5,21728.25,21759.0,21848.25,21669.5,21873.5,21742.25,131.25,21764.5,21843.25,21893.75,21742.25,0.7872257259315951,21767.0,21664.25,21698.0,21791.5,21415.0,0.22937877303801987
2025-02-11,21871.25,21510.0,21791.5,21841.0,21762.5,1235441,21881.75,21826.0,21867.75,21893.75,21742.25,21848.5,21566.5,21791.5,21848.5,21510.0,21845.25,21700.25,145.0,21706.25,21790.5,21871.25,21700.25,0.9589916167770922,21886.25,21776.75,21867.75,21893.75,21669.5,0.7872257259315951
2025-02-12,21927.0,21535.75,21791.0,21914.5,21699.75,1398016,21833.25,21763.75,21785.0,21871.25,21700.25,21877.75,21776.5,21821.5,21927.0,21752.75,21739.0,21535.75,203.25,21551.0,21801.75,21839.0,21535.75,1.0851878998027775,21841.0,21762.5,21791.5,21871.25,21510.0,0.9589916167770922
2025-02-13,22162.0,21835.0,21977.5,22066.0,21862.75,1346873,21838.25,21674.0,21791.0,21839.0,21535.75,22130.75,22069.0,22107.0,22162.0,22042.5,21996.5,21835.0,161.5,21869.25,22110.25,22123.75,21835.0,1.0454889516078976,21914.5,21699.75,21791.0,21927.0,21535.75,1.0851878998027775
2025-02-14,22224.0,22088.0,22128.5,22168.25,22102.75,860383,22014.5,21864.5,21977.5,22123.75,21835.0,22212.0,22191.75,22200.25,22220.0,22182.0,22160.0,22088.0,72.0,22108.5,22194.5,22224.0,22088.0,0.6678587518283147,22066.0,21862.75,21977.5,22162.0,21835.0,1.0454889516078976
2025-02-16,22281.75,22196.0,22246.0,22273.0,22232.25,182398,22166.0,22102.75,22128.5,22224.0,22088.0,22273.0,22232.25,22246.0,22281.75,22196.0,,,,,,,,0.141583574542943,22168.25,22102.75,22128.5,22224.0,22088.0,0.6678587518283147
2025-02-17,22320.0,22192.0,22233.25,22284.0,22198.75,373986,,,,,,22315.5,22262.75,22284.25,22320.0,22198.5,22242.0,22192.0,50.0,22241.0,22235.25,22252.25,22192.0,0.2903007418338857,22273.0,22232.25,22246.0,22281.75,22196.0,0.141583574542943
2025-02-18,22291.5,22103.0,22183.25,22224.75,22143.5,1163879,22166.0,22102.75,22128.5,22224.0,22088.0,22281.5,22214.75,22263.0,22291.5,22179.0,22268.0,22130.25,137.75,22257.75,22238.5,22268.0,22103.0,0.9034427414525706,22284.0,22198.75,22233.25,22320.0,22192.0,0.2903007418338857
2025-02-19,22299.75,22118.0,22182.75,22248.0,22163.5,1123692,22204.5,22148.75,22174.25,22268.0,22103.0,22221.25,22173.75,22182.75,22249.25,22140.5,22221.5,22118.0,103.5,22207.5,22247.75,22299.75,22118.0,0.8722482156893646,22224.75,22143.5,22183.25,22291.5,22103.0,0.9034427414525706
2025-02-20,22245.75,21950.75,22050.25,22138.25,22001.0,1324623,22256.25,22162.25,22235.75,22299.75,22118.0,22188.0,22111.75,22148.0,22245.75,22104.25,22227.0,21950.75,276.25,22210.0,22144.25,22227.0,21950.75,1.028217739568399,22248.0,22163.5,22182.75,22299.75,22118.0,0.8722482156893646
2025-02-21,22188.0,21652.25,21692.0,22006.0,21662.0,1395317,22109.0,22012.75,22050.25,22227.0,21950.75,21692.25,21671.25,21682.75,21699.0,21652.25,22188.0,21992.25,195.75,22186.5,21683.0,22188.0,21662.0,1.0830928435648177,22138.25,22001.0,22050.25,22245.75,21950.75,1.028217739568399
2025-02-23,21813.0,21677.75,21771.5,21790.75,21749.0,360703,22007.5,21666.75,21692.0,22188.0,21662.0,21790.75,21749.0,21771.5,21813.0,21677.75,,,,,,,,0.27999002230486725,22006.0,21662.0,21692.0,22188.0,21652.25,1.0830928435648177
2025-02-24,21801.75,21285.5,21431.0,21606.25,21358.0,1881077,,,,,,21445.0,21365.5,21431.0,21453.25,21285.5,21801.75,21436.75,365.0,21753.0,21422.5,21801.75,21408.5,1.4601563923426553,21790.75,21749.0,21771.5,21813.0,21677.75,0.27999002230486725
2025-02-25,21397.5,20990.5,21197.75,21298.0,21087.0,1994153,21643.5,21500.0,21522.0,21801.75,21408.5,21326.75,21241.75,21275.75,21332.5,21140.0,21397.5,21028.0,369.5,21391.5,21150.25,21397.5,20990.5,1.547929856278761,21606.25,21358.0,21431.0,21801.75,21285.5,1.4601563923426553
2025-02-26,21409.75,21064.75,21321.5,21396.0,21204.0,1962715,21253.5,21071.25,21197.75,21397.5,20990.5,21373.75,21208.0,21321.5,21386.5,21096.25,21372.0,21188.5,183.5,21237.75,21193.25,21409.75,21064.75,1.5235266039597606,21298.0,21087.0,21197.75,21397.5,20990.5,1.547929856278761
2025-02-27,21381.0,20516.5,21056.5,21381.0,20724.5,2586055,21401.0,21203.5,21371.0,21409.75,21064.75,20657.5,20583.75,20622.0,20687.75,20516.5,21381.0,20896.5,484.5,21340.5,20611.0,21381.0,20597.5,2.0073844607103726,21396.0,21204.0,21321.5,21409.75,21064.75,1.5235266039597606
2025-02-28,20944.25,20460.25,20692.5,20761.75,20576.25,1873414,21210.0,20896.5,21056.5,21381.0,20597.5,20912.5,20888.75,20897.5,20930.75,20868.25,20759.0,20460.25,298.75,20590.75,20913.5,20944.25,20460.25,1.454208109292827,21381.0,20724.5,21056.5,21381.0,20516.5,2.0073844607103726
2025-03-02,21101.0,20836.5,20943.0,21025.75,20882.75,530307,20761.75,20580.5,20692.5,20944.25,20460.25,21025.75,20882.75,20943.0,21101.0,20836.5,,,,,,,,0.41164245586653625,20761.75,20576.25,20692.5,20944.25,20460.25,1.454208109292827
2025-03-03,21120.75,20261.5,20921.5,21120.75,20513.5,2659752,,,,,,20582.5,20382.75,20508.0,20591.75,20261.5,21120.75,20759.75,361.0,21055.75,20475.5,21120.75,20317.5,2.064590596156437,21025.75,20882.75,20943.0,21101.0,20836.5,0.41164245586653625
2025-03-04,20733.0,20075.75,20546.75,20624.75,20258.0,2545846,21000.75,20709.0,20921.5,21120.75,20317.5,20578.0,20467.25,20547.0,20631.25,20379.25,20430.0,20075.75,354.25,20342.5,20391.75,20733.0,20075.75,1.976172857793689,21120.75,20513.5,20921.5,21120.75,20261.5,2.064590596156437
2025-03-05,20725.5,20215.0,20390.5,20554.25,20252.0,2354640,20407.5,20108.75,20180.0,20733.0,20075.75,20654.5,20375.25,20605.5,20663.0,20299.25,20496.75,20270.25,226.5,20421.25,20656.25,20725.5,20215.0,1.8277522119858516,20624.75,20258.0,20546.75,20733.0,20075.75,1.976172857793689
2025-03-06,20513.25,20002.75,20174.25,20287.25,20010.25,2410257,20532.0,20228.0,20385.5,20725.5,20215.0,20214.25,20123.0,20179.0,20270.75,20027.0,20483.5,20228.25,255.25,20310.75,20092.0,20513.25,20002.75,1.8709240322106064,20554.25,20252.0,20390.5,20725.5,20215.0,1.8277522119858516
2025-03-07,20286.75,19766.0,20173.0,20249.75,19975.75,2147067,20343.25,20008.0,20106.5,20513.25,20002.75,20218.0,20186.25,20206.5,20228.75,20145.0,20242.25,20024.25,218.0,20037.5,20224.75,20286.75,19766.0,1.6666269402251837,20287.25,20010.25,20174.25,20513.25,20002.75,1.8709240322106064
2025-03-09,20156.0,19654.25,19891.5,20012.5,19660.75,1109930,20249.75,19972.5,20173.0,20286.75,19766.0,20012.5,19660.75,19891.5,20156.0,19654.25,,,,,,,,0.8615656799550913,20249.75,19975.75,20173.0,20286.75,19766.0,1.6666269402251837
2025-03-10,19702.75,19140.0,19460.25,19601.75,19397.75,2845934,,,,,,19565.5,19394.5,19460.25,19613.5,19140.0,19697.25,19520.0,177.25,19668.25,19472.0,19702.75,19271.75,2.209111441097468,20012.5,19660.75,19891.5,20156.0,19654.25,0.8615656799550913
2025-03-11,19788.75,19201.0,19470.5,19607.5,19278.0,2678885,19675.25,19455.0,19610.5,19702.75,19271.75,19772.0,19572.0,19702.25,19788.75,19387.0,19508.5,19265.25,243.25,19321.75,19399.75,19687.5,19201.0,2.0794422860419077,19601.75,19397.75,19460.25,19702.75,19140.0,2.209111441097468
2025-03-12,19727.75,19324.0,19543.0,19661.75,19470.5,2557190,19502.25,19282.25,19365.75,19687.5,19201.0,19582.25,19426.25,19543.0,19693.75,19324.0,19644.0,19395.0,249.0,19630.25,19571.0,19727.75,19395.0,1.984978459113962,19607.5,19278.0,19470.5,19788.75,19201.0,2.0794422860419077
2025-03-13,19620.75,19165.5,19309.75,19491.0,19249.0,2391879,19698.25,19555.25,19629.0,19727.75,19395.0,19539.25,19387.25,19475.75,19620.75,19298.25,19531.5,19342.75,188.75,19476.25,19294.75,19531.5,19165.5,1.8566583991831052,19661.75,19470.5,19543.0,19727.75,19324.0,1.984978459113962
2025-03-14,19742.75,19467.25,19671.5,19697.5,19622.5,1141637,19392.25,19221.0,19309.75,19531.5,19165.5,,,,,,19665.0,19467.25,197.75,19475.25,19666.75,19742.75,19467.25,0.8861777392870637,19491.0,19249.0,19309.75,19620.75,19165.5,1.8566583991831052
2025-03-16,19848.0,19551.0,19601.0,19761.25,19554.5,488455,19697.5,19622.5,19671.5,19742.75,19467.25,19761.25,19554.5,19601.0,19848.0,19551.0,,,,,,,,0.3791555000788015,19697.5,19622.5,19671.5,19742.75,19467.25,0.8861777392870637
2025-03-17,19959.25,19434.25,19690.75,19849.25,19631.0,930679,,,,,,19832.75,19532.75,19762.25,19858.0,19434.25,19759.5,19654.5,105.0,19716.75,19830.5,19959.25,19628.5,0.722424914593645,19761.25,19554.5,19601.0,19848.0,19551.0,0.3791555000788015
2025-03-18,19900.0,19401.0,19772.25,19900.0,19534.0,873523,19697.5,19622.5,19671.5,19742.75,19467.25,19814.0,19693.5,19772.25,19900.0,19658.75,19530.0,19401.0,129.0,19495.75,19496.75,19579.25,19401.0,0.678058469859731,19849.25,19631.0,19690.75,19959.25,19434.25,0.722424914593645
2025-03-19,20142.25,19734.5,19896.75,19995.25,19788.75,1745245,19528.5,19465.75,19483.0,19579.25,19401.0,20088.75,19856.5,20051.0,20093.25,19734.5,19883.75,19788.75,95.0,19847.5,19945.75,20142.25,19765.5,1.3547189418370738,19900.0,19534.0,19772.25,19900.0,19401.0,0.678058469859731
2025-03-20,20105.0,19602.5,19875.5,19933.0,19667.25,1868662,19963.0,19790.0,19874.25,20142.25,19765.5,19800.25,19622.0,19704.5,19933.0,19602.5,20105.0,20008.75,96.25,20054.5,19894.25,20105.0,19795.5,1.4505194441417395,19995.25,19788.75,19896.75,20142.25,19734.5,1.3547189418370738
2025-03-21,19977.75,19675.0,19851.5,19896.0,19738.75,976408,19998.75,19800.75,19875.5,20105.0,19795.5,,,,,,19811.75,19694.5,117.25,19744.75,19971.0,19977.75,19675.0,0.7579213305646219,19933.0,19667.25,19875.5,20105.0,19602.5,1.4505194441417395
2025-03-23,20347.5,20048.0,20267.75,20347.5,20199.5,642875,19896.0,19738.75,19851.5,19977.75,19675.0,20347.5,20199.5,20267.75,20347.5,20048.0,,,,,,,,0.4990215928041672,19896.0,19738.75,19851.5,19977.75,19675.0,0.7579213305646219
2025-03-24,20454.75,20292.0,20335.0,20393.25,20321.75,1255773,,,,,,20436.5,20361.75,20406.75,20454.75,20292.0,20371.0,20314.0,57.0,20339.25,20356.5,20409.25,20308.25,0.9747740115270737,20347.5,20199.5,20267.75,20347.5,20048.0,0.4990215928041672
2025-03-25,20536.75,20226.0,20451.25,20490.5,20415.5,1315521,20369.5,20328.25,20334.25,20409.25,20308.25,20494.5,20320.75,20460.5,20536.75,20226.0,20496.5,20421.75,74.75,20454.0,20517.25,20524.75,20402.0,1.021152455434308,20393.25,20321.75,20335.0,20454.75,20292.0,0.9747740115270737
2025-03-26,20320.5,19937.75,20081.25,20153.25,19982.0,1816670,20471.75,20415.25,20443.75,20524.75,20402.0,20108.0,20012.25,20072.25,20148.0,19937.75,20320.5,20253.5,67.0,20285.0,20090.5,20320.5,20041.25,1.410161473069487,20490.5,20415.5,20451.25,20536.75,20226.0,1.021152455434308
2025-03-27,20199.0,19630.75,20062.5,20175.75,19913.5,1879231,20203.75,20047.75,20118.75,20320.5,20041.25,19982.5,19845.5,19879.0,20011.25,19630.75,20199.0,20106.25,92.75,20120.5,19997.25,20199.0,19975.0,1.4587234639190636,20153.25,19982.0,20081.25,20320.5,19937.75,1.410161473069487
2025-03-28,19660.75,19360.75,19464.25,19592.25,19421.5,1105026,20111.75,20006.5,20062.5,20199.0,19975.0,,,,,,19660.75,19554.75,106.0,19638.75,19362.25,19660.75,19360.75,0.8577590271981609,20175.75,19913.5,20062.5,20199.0,19630.75,1.4587234639190636
2025-03-30,19365.0,18976.75,19211.0,19257.0,19084.0,922968,19592.25,19421.5,19464.25,19660.75,19360.75,19257.0,19084.0,19211.0,19365.0,18976.75,,,,,,,,0.7164393722998664,19592.25,19421.5,19464.25,19660.75,19360.75,0.8577590271981609
2025-03-31,19511.5,19060.25,19360.25,19470.25,19247.75,2189747,,,,,,19424.5,19332.25,19360.25,19511.5,19261.25,19233.0,19060.25,172.75,19060.5,19412.5,19489.5,19060.25,1.6997566179710624,19257.0,19084.0,19211.0,19365.0,18976.75,0.7164393722998664
2025-04-01,19693.25,19317.0,19570.75,19619.0,19462.25,2192808,19362.75,19060.25,19232.75,19489.5,19060.25,19605.25,19453.25,19570.75,19693.25,19317.0,19604.0,19327.75,276.25,19333.5,19597.5,19643.25,19327.75,1.702132671007148,19470.25,19247.75,19360.25,19511.5,19060.25,1.6997566179710624
2025-04-02,20045.25,18817.5,19674.75,20045.25,19017.25,2796329,19626.25,19466.25,19570.75,19643.25,19327.75,19058.75,18879.25,18990.5,19176.75,18817.5,19714.0,19560.75,153.25,19598.25,19137.0,20045.25,19076.25,2.170606341177498,19619.0,19462.25,19570.75,19693.25,19317.0,1.702132671007148
2025-04-03,18988.25,17819.5,18837.75,18988.25,18181.75,2836267,19769.0,19569.25,19674.75,20045.25,19076.25,18471.0,17819.5,18141.25,18713.25,17819.5,18948.0,18720.25,227.75,18922.25,18648.5,18988.25,18614.0,2.2016075846127117,20045.25,19017.25,19674.75,20045.25,18817.5,2.170606341177498
2025-04-04,18147.0,17387.0,17776.5,17968.5,17645.0,1701947,18929.0,18769.0,18837.75,18988.25,18614.0,,,,,,18147.0,17655.25,491.75,17916.0,17498.75,18147.0,17387.0,1.321109551325334,18988.25,18181.75,18837.75,18988.25,17819.5,2.2016075846127117
2025-04-06,18360.25,16452.5,16767.0,17164.25,16587.0,2015322,17968.5,17645.0,17776.5,18147.0,17387.0,17164.25,16587.0,16767.0,18360.25,16452.5,,,,,,,,1.5643619590951272,17968.5,17645.0,17776.5,18147.0,17387.0,1.321109551325334
2025-04-07,18357.25,17150.75,17734.5,17855.5,17258.0,2731589,,,,,,18144.25,17662.5,17768.5,18357.25,17644.0,17799.0,17150.75,648.25,17364.0,17629.5,17821.75,17150.75,2.120352935899424,17164.25,16587.0,16767.0,18360.25,16452.5,1.5643619590951272
2025-04-08,18332.5,16735.0,17241.0,17685.5,16898.75,3200106,17738.25,17353.0,17644.0,17821.75,17150.75,17328.75,16860.0,16945.0,17597.25,16735.0,18332.5,17979.25,353.25,18283.25,17232.5,18332.5,16972.0,2.484031877522337,17855.5,17258.0,17734.5,18357.25,17150.75,2.120352935899424
2025-04-09,19388.0,17214.5,18843.5,19332.75,18588.25,2670240,18332.5,17534.25,18030.25,18332.5,16972.0,19022.25,18590.25,18826.25,19384.5,18563.5,17553.25,17214.5,338.75,17445.25,19351.0,19388.0,17214.5,2.0727317409595947,17685.5,16898.75,17241.0,18332.5,16735.0,2.484031877522337
2025-04-10,18801.25,17918.25,18524.75,18650.25,18303.25,2997187,18898.25,17214.5,17455.25,19388.0,17214.5,18640.75,18376.5,18524.75,18793.25,18071.75,18801.25,18466.75,334.5,18644.0,18502.5,18801.25,17918.25,2.326519199956358,19332.75,18588.25,18843.5,19388.0,17214.5,2.0727317409595947
2025-04-11,18873.25,18270.0,18812.75,18857.5,18526.75,1208893,18608.25,18205.5,18468.0,18801.25,17918.25,,,,,,18566.0,18270.0,296.0,18304.0,18819.0,18873.25,18270.0,0.9383841499355366,18650.25,18303.25,18524.75,18801.25,17918.25,2.326519199956358
2025-04-13,19255.75,18924.75,19082.5,19156.25,19025.25,953027,18857.5,18526.75,18812.75,18873.25,18270.0,19156.25,19025.25,19082.5,19255.75,18924.75,,,,,,,,0.7397721975895424,18857.5,18526.75,18812.75,18873.25,18270.0,0.9383841499355366
2025-04-14,19193.0,18738.5,18882.0,19033.75,18811.75,2063051,,,,,,19042.0,18856.0,18988.75,19144.75,18809.75,19193.0,18942.0,251.0,19136.0,18903.75,19193.0,18738.5,1.6014108435640366,19156.25,19025.25,19082.5,19255.75,18924.75,0.7397721975895424
2025-04-15,19090.75,18504.5,18967.5,19090.75,18669.5,1917578,19030.25,18800.5,18871.75,19193.0,18738.5,18731.0,18572.0,18693.5,18861.0,18504.5,19089.25,18966.75,122.5,18968.0,18940.0,19090.75,18884.5,1.4884897186641717,19033.75,18811.75,18882.0,19193.0,18738.5,1.6014108435640366
2025-04-16,18735.25,18116.25,18572.5,18644.25,18366.75,2165070,19039.25,18924.25,18967.5,19090.75,18884.5,18539.25,18382.75,18411.5,18652.0,18315.5,18735.25,18589.5,145.75,18618.0,18372.75,18735.25,18116.25,1.6806014854093227,19090.75,18669.5,18967.5,19090.75,18504.5,1.4884897186641717
2025-04-17,18526.0,18261.25,18387.75,18459.25,18340.0,1125002,18735.25,18334.0,18581.75,18735.25,18116.25,,,,,,18444.0,18261.25,182.75,18321.5,18430.0,18526.0,18261.25,0.8732650825555104,18644.25,18366.75,18572.5,18735.25,18116.25,1.6806014854093227
2025-04-20,18384.75,17897.75,18103.5,18301.75,18045.5,709501,18459.25,18340.0,18387.75,18526.0,18261.25,18301.75,18045.5,18103.5,18384.75,17897.75,,,,,,,,0.5507389758757915,18459.25,18340.0,18387.75,18526.0,18261.25,0.8732650825555104
2025-04-21,18305.75,17700.0,17834.25,18077.75,17700.75,1616168,,,,,,18222.75,17972.5,18100.25,18305.75,17863.75,17988.0,17857.0,131.0,17925.5,17912.0,17988.0,17700.0,1.2545249536832592,18301.75,18045.5,18103.5,18384.75,17897.75,0.5507389758757915
2025-04-22,19145.0,18210.5,18354.75,18771.5,18210.5,2057127,17888.75,17712.75,17834.25,17988.0,17700.0,19014.25,18624.25,18740.0,19145.0,18618.25,18386.0,18244.5,141.5,18279.5,18359.25,18513.5,18210.5,1.5968124318731605,18077.75,17700.75,17834.25,18305.75,17700.0,1.2545249536832592
2025-04-23,19165.75,18595.0,18849.5,18958.5,18734.5,2090186,18396.0,18255.5,18354.75,18513.5,18210.5,18973.75,18645.75,18846.75,19142.0,18595.0,19165.75,18881.0,284.75,19101.5,18850.0,19165.75,18729.75,1.6224739599097353,18771.5,18210.5,18354.75,19145.0,18210.5,1.5968124318731605
2025-04-24,19497.25,19087.5,19256.25,19421.75,19220.25,1961643,18951.25,18788.0,18881.0,19165.75,18729.75,19438.25,19281.25,19408.0,19497.25,19215.25,19209.0,19087.5,121.5,19139.25,19346.25,19417.0,19087.5,1.5226944808448688,18958.5,18734.5,18849.5,19165.75,18595.0,1.6224739599097353
2025-04-25,19590.0,19234.5,19352.75,19490.75,19295.75,1060782,19321.0,19159.75,19243.5,19417.0,19087.5,,,,,,19393.0,19234.5,158.5,19271.75,19554.75,19590.0,19234.5,0.8234153190868989,19421.75,19220.25,19256.25,19497.25,19087.5,1.5226944808448688
2025-04-27,19622.75,19392.0,19496.0,19549.0,19450.5,709571,19490.75,19295.75,19352.75,19590.0,19234.5,19549.0,19450.5,19496.0,19622.75,19392.0,,,,,,,,0.5507933122732191,19490.75,19295.75,19352.75,19590.0,19234.5,0.8234153190868989
2025-04-28,19631.5,19257.75,19500.5,19583.0,19369.5,1703444,,,,,,19580.25,19469.25,19506.25,19631.5,19379.25,19539.25,19312.0,227.25,19489.25,19483.75,19579.0,19257.75,1.3222715739960362,19549.0,19450.5,19496.0,19622.75,19392.0,0.5507933122732191
2025-04-29,19692.5,19102.25,19564.0,19687.0,19425.25,1731849,19466.5,19267.0,19318.5,19579.0,19257.75,19512.75,19102.25,19272.25,19623.25,19102.25,19615.25,19491.75,123.5,19497.25,19614.25,19692.5,19470.75,1.3443205078379221,19583.0,19369.5,19500.5,19631.5,19257.75,1.3222715739960362
2025-04-30,20035.75,19275.75,19929.25,20035.75,19440.75,1968019,19640.5,19485.5,19564.0,19692.5,19470.75,19986.5,19907.0,19929.25,20035.75,19812.0,19438.5,19275.75,162.75,19309.25,19848.25,19878.5,19275.75,1.5276437504162774,19687.0,19425.25,19564.0,19692.5,19102.25,1.3443205078379221
2025-05-01,20180.5,19748.25,20015.5,20089.75,19919.75,1802101,19550.0,19346.75,19424.25,19878.5,19275.75,20105.25,19859.0,19934.25,20180.5,19748.25,20125.25,19975.0,150.25,19998.75,19797.0,20125.25,19756.0,1.398852516296298,20035.75,19440.75,19929.25,20035.75,19275.75,1.5276437504162774
2025-05-02,20277.0,20122.75,20221.0,20255.25,20173.75,832942,20045.75,19935.25,20015.5,20125.25,19756.0,,,,,,20194.25,20122.75,71.5,20179.25,20200.5,20277.0,20122.75,0.6465581078024323,20089.75,19919.75,20015.5,20180.5,19748.25,1.398852516296298
2025-05-04,20200.0,19966.25,20058.25,20078.75,20002.0,680222,20255.25,20173.75,20221.0,20277.0,20122.75,20078.75,20002.0,20058.25,20200.0,19966.25,,,,,,,,0.5280116133003091,20255.25,20173.75,20221.0,20277.0,20122.75,0.6465581078024323
2025-05-05,20191.25,19738.25,20131.75,20191.25,19861.25,1379089,,,,,,19909.0,19771.75,19839.0,20037.5,19738.25,20124.25,20009.0,115.25,20059.5,20041.0,20191.25,20002.0,1.0704961141725937,20078.75,20002.0,20058.25,20200.0,19966.25,0.5280116133003091
2025-05-06,20136.25,19801.25,19917.0,19966.0,19861.25,1607064,20148.5,20070.5,20131.75,20191.25,20002.0,20093.5,19925.0,20001.5,20136.25,19801.25,19945.0,19881.0,64.0,19899.75,19846.25,20027.0,19808.75,1.2474581170806707,20191.25,19861.25,20131.75,20191.25,19738.25,1.0704961141725937
2025-05-07,20262.25,19678.5,19829.75,20077.0,19686.0,1904543,19947.5,19881.5,19917.0,20027.0,19808.75,20194.25,20055.0,20091.5,20262.25,19910.25,19977.75,19788.5,189.25,19972.0,19957.25,20055.0,19678.5,1.4783715052288968,19966.0,19861.25,19917.0,20136.25,19801.25,1.2474581170806707
2025-05-08,20337.5,19978.0,20286.5,20323.0,20169.25,1653084,19912.0,19785.25,19829.75,20055.0,19678.5,20265.25,20175.75,20232.25,20290.0,20080.5,20205.75,19978.0,227.75,20091.25,20155.75,20337.5,19978.0,1.2831804172180967,20077.0,19686.0,19829.75,20262.25,19678.5,1.4783715052288968
2025-05-09,20187.0,20057.5,20138.0,20159.75,20104.0,811406,20337.0,20164.25,20304.5,20337.5,19978.0,,,,,,20176.0,20057.5,118.5,20134.0,20146.5,20187.0,20057.5,0.6298411270166955,20323.0,20169.25,20286.5,20337.5,19978.0,1.2831804172180967
2025-05-11,20991.5,20373.75,20802.0,20962.5,20754.25,970109,20159.75,20104.0,20138.0,20187.0,20057.5,20962.5,20754.25,20802.0,20991.5,20373.75,,,,,,,,0.7530318310303836,20159.75,20104.0,20138.0,20187.0,20057.5,0.6298411270166955
2025-05-12,21242.0,20690.0,20909.25,20987.0,20754.0,1454476,,,,,,21070.25,20818.25,20858.75,21242.0,20818.25,20815.75,20690.0,125.75,20741.5,20958.0,20996.0,20690.0,1.129014085499411,20962.5,20754.25,20802.0,20991.5,20373.75,0.7530318310303836
2025-05-13,21404.75,21186.5,21321.0,21344.25,21267.5,1416581,20971.75,20789.5,20909.25,20996.0,20690.0,21350.5,21276.25,21338.25,21404.75,21237.0,21293.0,21186.5,106.5,21210.25,21254.75,21347.0,21186.5,1.0995986886348357,20987.0,20754.0,20909.25,21242.0,20690.0,1.129014085499411
2025-05-14,21419.75,21192.25,21366.25,21387.0,21300.0,1337916,21335.5,21262.0,21321.0,21347.0,21186.5,21339.25,21253.75,21297.0,21412.5,21192.25,21385.0,21288.25,96.75,21342.5,21403.5,21419.75,21281.25,1.038536221439907,21344.25,21267.5,21321.0,21404.75,21186.5,1.0995986886348357
2025-05-15,21529.75,21256.75,21435.0,21471.25,21372.75,1315287,21387.5,21334.5,21366.25,21419.75,21281.25,21464.0,21400.25,21434.75,21504.5,21348.75,21423.0,21256.75,166.25,21287.75,21396.25,21529.75,21256.75,1.02097081662005,21387.0,21300.0,21366.25,21419.75,21192.25,1.038536221439907
2025-05-16,21513.0,21320.0,21434.5,21504.5,21402.25,605827,21474.25,21341.0,21407.75,21529.75,21256.75,,,,,,21414.5,21320.0,94.5,21413.0,21404.25,21513.0,21320.0,0.4702636663484662,21471.25,21372.75,21435.0,21529.75,21256.75,1.02097081662005
2025-05-18,21462.75,21112.25,21203.5,21353.75,21152.25,744697,21504.5,21402.25,21434.5,21513.0,21320.0,21353.75,21152.25,21203.5,21462.75,21112.25,,,,,,,,0.578059316502407,21504.5,21402.25,21434.5,21513.0,21320.0,0.4702636663484662
2025-05-19,21562.25,21354.0,21412.0,21482.25,21385.5,1214271,,,,,,21459.0,21383.25,21431.75,21562.25,21354.0,21435.0,21377.0,58.0,21404.75,21517.5,21545.5,21377.0,0.942558737726477,21353.75,21152.25,21203.5,21462.75,21112.25,0.578059316502407
2025-05-20,21473.75,21229.5,21413.5,21447.0,21341.25,1250348,21542.75,21435.25,21494.25,21545.5,21377.0,21423.0,21315.5,21381.75,21444.0,21229.5,21451.25,21381.5,69.75,21394.0,21419.0,21473.75,21298.0,0.9705629407264318,21482.25,21385.5,21412.0,21562.25,21354.0,0.942558737726477
2025-05-21,21558.5,21039.25,21197.25,21319.75,21092.5,1810779,21452.0,21377.75,21421.5,21473.75,21298.0,21252.5,21136.5,21197.25,21330.25,21039.25,21535.5,21372.0,163.5,21383.5,21145.25,21558.5,21071.75,1.4055886771088268,21447.0,21341.25,21413.5,21473.75,21229.5,0.9705629407264318
2025-05-22,21337.75,20727.5,21253.0,21337.75,20939.75,1610723,21558.5,21227.5,21515.5,21558.5,21071.75,21231.5,20873.0,21169.5,21236.25,20727.5,21269.25,21166.5,102.75,21233.5,21214.25,21337.75,21166.25,1.2502983581976381,21319.75,21092.5,21197.25,21558.5,21039.25,1.4055886771088268
2025-05-23,21083.75,20883.75,20967.25,21032.75,20918.75,736618,21302.0,21222.5,21253.0,21337.75,21166.25,,,,,,20988.25,20883.75,104.5,20943.75,20953.25,21083.75,20883.75,0.5717881200050088,21337.75,20939.75,21253.0,21337.75,20727.5,1.2502983581976381
2025-05-25,21307.75,20955.25,21273.5,21288.25,21190.75,323108,21032.75,20918.75,20967.25,21083.75,20883.75,21288.25,21190.75,21273.5,21307.75,20955.25,,,,,,,,0.2508074957149817,21032.75,20918.75,20967.25,21083.75,20883.75,0.5717881200050088
2025-05-26,21383.5,21142.0,21272.75,21331.0,21206.75,677703,,,,,,21337.0,21206.75,21237.5,21383.5,21142.0,21269.0,21215.5,53.5,21268.25,21284.5,21296.25,21215.5,0.5260562792271631,21288.25,21190.75,21273.5,21307.75,20955.25,0.2508074957149817
2025-05-27,21564.75,21348.25,21467.75,21505.5,21410.25,1064888,21032.75,20918.75,20967.25,21083.75,20883.75,21510.25,21438.25,21467.5,21564.75,21407.0,21400.75,21348.25,52.5,21369.5,21477.5,21488.25,21348.25,0.8266025369131542,21331.0,21206.75,21272.75,21383.5,21142.0,0.5260562792271631
2025-05-28,21858.75,21320.0,21461.75,21661.25,21349.0,1546497,21480.25,21398.0,21449.0,21488.25,21348.25,21848.25,21546.0,21792.75,21858.75,21380.25,21477.5,21426.25,51.25,21456.0,21525.0,21528.75,21320.0,1.200443937323533,21505.5,21410.25,21467.75,21564.75,21348.25,0.8266025369131542
2025-05-29,21522.0,21226.0,21376.75,21439.25,21316.0,1455614,21489.0,21438.5,21467.75,21528.75,21320.0,21388.0,21315.0,21350.5,21421.5,21226.0,21522.0,21430.25,91.75,21456.0,21384.5,21522.0,21301.0,1.1298974400747346,21661.25,21349.0,21461.75,21858.75,21320.0,1.200443937323533
2025-05-30,21433.25,21071.5,21369.0,21415.0,21195.75,947758,21470.5,21367.5,21433.25,21522.0,21301.0,,,,,,21399.5,21318.25,81.25,21384.5,21369.0,21433.25,21071.5,0.7356822193317393,21439.25,21316.0,21376.75,21522.0,21226.0,1.1298974400747346
2025-06-01,21458.0,21163.0,21307.75,21329.5,21217.5,642478,21415.0,21195.75,21369.0,21433.25,21071.5,21329.5,21217.5,21307.75,21458.0,21163.0,,,,,,,,0.49871342780732764,21415.0,21195.75,21369.0,21433.25,21071.5,0.7356822193317393
2025-06-02,21638.75,21349.0,21519.25,21629.0,21440.5,1085289,,,,,,21630.5,21489.5,21521.5,21638.75,21398.25,21418.75,21349.0,69.75,21379.0,21554.75,21576.75,21349.0,0.8424384918263144,21329.5,21217.5,21307.75,21458.0,21163.0,0.49871342780732764
2025-06-03,21793.5,21584.0,21703.75,21737.75,21664.0,1153219,21492.0,21349.0,21428.0,21576.75,21349.0,21745.0,21678.5,21703.75,21793.5,21641.0,21686.5,21584.0,102.5,21621.25,21688.0,21759.75,21584.0,0.8951680843585905,21629.0,21440.5,21519.25,21638.75,21349.0,0.8424384918263144
2025-06-04,21899.0,21691.75,21752.5,21791.0,21729.75,1148353,21725.75,21652.25,21702.0,21759.75,21584.0,21796.75,21720.75,21751.0,21899.0,21691.75,21784.75,21705.0,79.75,21743.75,21747.5,21802.75,21705.0,0.8913909285031208,21737.75,21664.0,21703.75,21793.5,21584.0,0.8951680843585905
2025-06-05,21936.25,21471.0,21817.5,21868.0,21640.75,1603369,21792.75,21742.75,21771.5,21802.75,21705.0,21863.5,21665.0,21817.5,21863.5,21471.0,21925.0,21700.75,224.25,21801.75,21513.5,21936.25,21503.5,1.2445899315307405,21791.0,21729.75,21752.5,21899.0,21691.75,0.8913909285031208
2025-06-06,21880.0,21721.5,21814.25,21849.75,21783.25,642432,21844.0,21563.75,21701.25,21936.25,21503.5,,,,,,21870.25,21735.75,134.5,21784.5,21809.75,21880.0,21721.5,0.4986777210318752,21868.0,21640.75,21817.5,21936.25,21471.0,1.2445899315307405
2025-06-08,21866.75,21716.5,21807.25,21815.5,21746.75,476926,21849.75,21783.25,21814.25,21880.0,21721.5,21815.5,21746.75,21807.25,21866.75,21716.5,,,,,,,,0.37020629542246974,21849.75,21783.25,21814.25,21880.0,21721.5,0.4986777210318752
2025-06-09,21973.5,21732.0,21853.0,21875.5,21824.5,1080939,,,,,,21881.5,21809.75,21858.5,21973.5,21732.0,21892.5,21813.25,79.25,21852.5,21821.5,21892.5,21796.5,0.8390618728433112,21815.5,21746.75,21807.25,21866.75,21716.5,0.37020629542246974
2025-06-10,22094.0,21743.0,21900.25,21988.25,21860.5,1297799,21873.5,21833.5,21866.25,21892.5,21796.5,22004.5,21892.0,21972.5,22094.0,21866.25,21889.5,21844.25,45.25,21873.0,21951.5,21992.25,21743.0,1.0073960320741286,21875.5,21824.5,21853.0,21973.5,21732.0,0.8390618728433112
2025-06-11,22066.75,21716.5,21865.5,21931.0,21748.5,1538327,21940.75,21825.0,21872.0,21992.25,21743.0,21881.25,21779.75,21835.0,21931.0,21716.5,22066.75,21985.75,81.0,22038.5,21882.75,22066.75,21790.25,1.1941021035094788,21988.25,21860.5,21900.25,22094.0,21743.0,1.0073960320741286
2025-06-12,21977.5,21470.5,21940.25,21977.5,21646.5,1488961,21994.5,21823.0,21862.0,22066.75,21790.25,21704.75,21522.75,21651.5,21920.0,21470.5,21977.5,21881.75,95.75,21920.5,21908.25,21977.5,21881.75,1.1557825235750117,21931.0,21748.5,21865.5,22066.75,21716.5,1.1941021035094788
2025-06-13,21855.75,21601.25,21655.25,21781.75,21613.5,782705,21948.5,21911.25,21940.25,21977.5,21881.75,,,,,,21807.5,21621.25,186.25,21627.25,21654.0,21855.75,21601.25,0.6075624278371156,21977.5,21646.5,21940.25,21977.5,21470.5,1.1557825235750117
2025-06-15,21976.25,21505.0,21685.5,21855.25,21593.75,248916,21781.75,21613.5,21655.25,21855.75,21601.25,21855.25,21593.75,21685.5,21976.25,21505.0,,,,,,,,0.19321712431567892,21781.75,21613.5,21655.25,21855.75,21601.25,0.6075624278371156
2025-06-16,22133.75,21910.5,22048.75,22133.75,21976.0,489450,,,,,,22091.75,22030.25,22048.75,22133.75,21995.75,21996.5,21947.0,49.5,21973.25,21935.5,21996.5,21910.5,0.3799278531565229,21855.25,21593.75,21685.5,21976.25,21505.0,0.19321712431567892
2025-06-17,22136.5,21862.75,21961.25,22060.5,21928.25,1166168,21967.5,21928.5,21943.25,21996.5,21910.5,22034.25,21955.0,22006.0,22081.75,21862.75,22136.5,22067.25,69.25,22102.5,21953.25,22136.5,21908.0,0.9052195416484543,22133.75,21976.0,22048.75,22133.75,21910.5,0.3799278531565229
2025-06-18,22098.75,21650.25,22050.0,22096.25,21896.75,1095146,22088.0,21911.25,21961.25,22136.5,21908.0,21905.5,21739.25,21848.5,21971.25,21650.25,22098.75,22041.25,57.5,22073.0,21961.25,22098.75,21883.0,0.8500898328183745,22060.5,21928.25,21961.25,22136.5,21862.75,0.9052195416484543
2025-06-19,22130.75,21676.5,21901.5,22055.5,21828.0,821099,22065.5,21958.5,22050.0,22098.75,21883.0,22023.5,21828.0,21901.5,22130.75,21736.0,21741.0,21677.5,63.5,21717.5,21704.25,21742.0,21676.5,0.6373651655919251,22096.25,21896.75,22050.0,22098.75,21650.25,0.8500898328183745
2025-06-20,21967.0,21760.0,21857.75,21898.0,21813.5,868201,22065.5,21958.5,22050.0,22098.75,21883.0,,,,,,21967.0,21775.75,191.25,21936.25,21877.5,21967.0,21760.0,0.6739273511867327,22055.5,21828.0,21901.5,22130.75,21676.5,0.6373651655919251
2025-06-22,22011.75,21562.0,21871.25,21934.25,21744.75,679158,21898.0,21813.5,21857.75,21967.0,21760.0,21934.25,21744.75,21871.25,22011.75,21562.0,,,,,,,,0.527185700059409,21898.0,21813.5,21857.75,21967.0,21760.0,0.6739273511867327
2025-06-23,22383.25,21738.5,22301.5,22383.25,21975.25,1541196,,,,,,22337.25,22245.25,22301.5,22383.25,22064.5,22018.0,21944.75,73.25,21984.75,22072.0,22093.0,21738.5,1.196329119569763,21934.25,21744.75,21871.25,22011.75,21562.0,0.527185700059409
2025-06-24,22548.25,22300.0,22421.75,22473.75,22305.0,952010,22093.0,21910.75,22047.0,22093.0,21738.5,22548.25,22442.0,22490.75,22548.25,22385.0,22373.5,22300.0,73.5,22308.0,22409.5,22447.75,22300.0,0.7389827673583438,22383.25,21975.25,22301.5,22383.25,21738.5,1.196329119569763
2025-06-25,22585.0,22388.25,22446.0,22523.0,22407.75,1058841,22436.0,22368.25,22417.5,22447.75,22300.0,22575.0,22511.5,22564.0,22585.0,22438.0,22524.5,22444.75,79.75,22488.5,22472.75,22524.5,22388.25,0.8219086484096554,22473.75,22305.0,22421.75,22548.25,22300.0,0.7389827673583438
2025-06-26,22823.75,22549.75,22673.0,22815.5,22634.75,999605,22463.0,22415.5,22436.5,22524.5,22388.25,22767.0,22677.0,22734.25,22823.75,22660.0,22613.25,22557.0,56.25,22569.0,22672.75,22692.75,22549.75,0.7759276364378916,22523.0,22407.75,22446.0,22585.0,22388.25,0.8219086484096554
2025-06-27,22820.0,22600.0,22786.0,22814.5,22697.0,755059,22686.5,22599.25,22665.5,22692.75,22549.75,,,,,,22814.5,22746.0,68.5,22783.25,22743.25,22820.0,22600.0,0.5861026557901952,22815.5,22634.75,22673.0,22823.75,22549.75,0.7759276364378916
2025-06-29,22916.0,22750.0,22821.5,22871.5,22801.25,505887,22814.5,22697.0,22786.0,22820.0,22600.0,22871.5,22801.25,22821.5,22916.0,22750.0,,,,,,,,0.39268681550678086,22814.5,22697.0,22786.0,22820.0,22600.0,0.5861026557901952
2025-06-30,22934.0,22748.5,22832.75,22863.5,22794.75,1103279,,,,,,22847.5,22782.25,22797.25,22915.0,22748.5,22844.75,22801.25,43.5,22842.0,22865.75,22934.0,22780.0,0.8564029459652169,22871.5,22801.25,22821.5,22916.0,22750.0,0.39268681550678086
2025-07-01,22798.0,22584.75,22713.0,22746.0,22660.75,1323468,22866.5,22808.0,22832.75,22934.0,22780.0,22745.75,22639.0,22713.0,22798.0,22584.75,22783.5,22593.75,189.75,22767.0,22691.5,22783.5,22593.75,1.027321189010843,22863.5,22794.75,22832.75,22934.0,22748.5,0.8564029459652169
2025-07-02,23070.5,22772.25,22829.0,22885.25,22789.5,934575,22744.25,22671.0,22689.0,22783.5,22593.75,22969.25,22831.5,22858.0,23070.5,22827.0,22847.75,22772.25,75.5,22790.75,22853.25,22858.75,22772.25,0.7254491232276175,22746.0,22660.75,22713.0,22798.0,22584.75,1.027321189010843
2025-07-03,23101.25,22881.25,23048.25,23101.25,22965.5,466357,22841.25,22813.0,22829.0,22858.75,22772.25,22997.0,22887.5,22922.0,23062.25,22881.25,23079.5,23034.75,44.75,23060.0,23059.0,23101.25,23028.0,0.36200227564514564,22885.25,22789.5,22829.0,23070.5,22772.25,0.7254491232276175
2025-07-04,22946.0,22895.5,22930.5,22944.0,22922.5,46875,23078.75,23043.75,23069.0,23101.25,23028.0,,,,,,22946.0,22911.0,35.0,22932.25,22904.5,22946.0,22895.5,0.03638598042029218,23101.25,22965.5,23048.25,23101.25,22881.25,0.36200227564514564
2025-07-06,23027.25,22900.25,22942.25,22971.0,22921.0,503098,22944.0,22922.5,22930.5,22946.0,22895.5,22971.0,22921.0,22942.25,23027.25,22900.25,,,,,,,,0.39052189818641403,22944.0,22922.5,22930.5,22946.0,22895.5,0.03638598042029218
2025-07-07,22972.0,22780.25,22916.75,22925.0,22852.75,1210881,22841.25,22813.0,22829.0,22858.75,22772.25,22938.5,22872.5,22916.75,22972.0,22809.5,22939.5,22882.75,56.75,22937.5,22838.0,22962.75,22780.25,0.9399273036224816,22971.0,22921.0,22942.25,23027.25,22900.25,0.39052189818641403
2025-07-08,23111.25,22841.0,22900.75,22944.25,22869.0,1088066,22917.5,22848.25,22858.5,22962.75,22780.25,23111.25,22919.25,23084.5,23111.25,22843.25,22942.75,22841.0,101.75,22875.0,22903.5,22962.75,22841.0,0.8445940943356935,22925.0,22852.75,22916.75,22972.0,22780.25,0.9399273036224816
2025-07-09,23089.75,22901.0,22984.0,23033.75,22937.5,1194549,22923.25,22879.5,22901.0,22962.75,22841.0,23078.0,22962.75,23033.0,23089.75,22901.0,23049.0,22917.0,132.0,23048.75,23043.25,23060.5,22917.0,0.927249845868365,22944.25,22869.0,22900.75,23111.25,22841.0,0.8445940943356935
2025-07-10,23050.0,22830.75,23034.5,23042.75,22927.5,1133941,23012.25,22937.5,22981.75,23060.5,22917.0,22957.5,22870.0,22891.0,23048.75,22830.75,23001.5,22935.0,66.5,22938.0,23009.75,23050.0,22935.0,0.8802038405070195,23033.75,22937.5,22984.0,23089.75,22901.0,0.927249845868365
2025-07-11,23021.75,22908.75,22974.0,23006.5,22960.25,589900,23043.0,22980.5,23034.5,23050.0,22935.0,,,,,,23007.5,22908.75,98.75,22990.75,22937.25,23021.75,22908.75,0.45790058346518103,23042.75,22927.5,23034.5,23050.0,22830.75,0.8802038405070195
2025-07-13,22988.0,22802.25,22862.5,22934.25,22841.25,551417,23006.5,22960.25,22974.0,23021.75,22908.75,22934.25,22841.25,22862.5,22988.0,22802.25,,,,,,,,0.4280287608622135,23006.5,22960.25,22974.0,23021.75,22908.75,0.45790058346518103
2025-07-14,23222.75,22922.5,23167.25,23222.75,23032.5,1107092,,,,,,23200.0,23132.0,23167.25,23222.75,22996.25,23022.75,22922.5,100.25,22938.5,23036.25,23067.75,22922.5,0.8593627271565252,22934.25,22841.25,22862.5,22988.0,22802.25,0.4280287608622135
2025-07-15,23185.75,22928.5,23141.25,23179.0,23017.5,1288663,23057.5,23004.0,23049.75,23067.75,22922.5,23031.5,22970.25,22985.5,23090.0,22928.5,23185.75,23095.5,90.25,23178.75,23018.0,23185.75,23010.5,1.000304355975573,23222.75,23032.5,23167.25,23222.75,22922.5,0.8593627271565252
2025-07-16,23175.25,22835.75,23034.25,23126.25,22963.25,1333687,23177.0,23108.25,23141.25,23185.75,23010.5,23157.5,23082.25,23118.5,23175.25,23017.0,23045.0,22898.25,146.75,23005.0,23063.0,23100.0,22835.75,1.0352535268010288,23179.0,23017.5,23141.25,23185.75,22928.5,1.000304355975573
2025-07-17,23320.5,23146.75,23258.5,23289.5,23234.25,987905,23072.25,22953.25,23004.25,23100.0,22835.75,23297.75,23249.75,23277.75,23320.5,23186.75,23244.25,23146.75,97.5,23154.25,23265.5,23281.0,23146.75,0.7668456957249867,23126.25,22963.25,23034.25,23175.25,22835.75,1.0352535268010288
2025-07-18,23253.0,23170.0,23207.5,23225.75,23196.25,563659,23273.75,23232.0,23258.5,23281.0,23146.75,,,,,,23231.0,23180.5,50.5,23193.75,23228.75,23253.0,23170.0,0.4375314205380581,23289.5,23234.25,23258.5,23320.5,23146.75,0.7668456957249867
2025-07-20,23425.0,23204.5,23290.0,23369.25,23223.5,433217,23225.75,23196.25,23207.5,23253.0,23170.0,23369.25,23223.5,23290.0,23425.0,23204.5,,,,,,,,0.3362778726344047,23225.75,23196.25,23207.5,23253.0,23170.0,0.4375314205380581
2025-07-21,23424.5,23105.0,23394.25,23423.5,23289.25,1122147,,,,,,23360.75,23178.0,23305.25,23367.75,23105.0,23424.5,23379.0,45.5,23416.5,23346.75,23424.5,23328.25,0.8710489337747118,23369.25,23223.5,23290.0,23425.0,23204.5,0.3362778726344047
2025-07-22,23283.25,23142.5,23213.75,23253.25,23191.0,1165009,23419.5,23372.5,23394.25,23424.5,23328.25,23271.5,23185.5,23237.5,23283.25,23142.5,23230.0,23166.75,63.25,23168.75,23198.5,23257.0,23159.25,0.9043198861539025,23423.5,23289.25,23394.25,23424.5,23105.0,0.8710489337747118
2025-07-23,23422.5,23148.0,23358.75,23405.5,23248.0,1194239,23236.25,23191.75,23213.75,23257.0,23159.25,23399.5,23344.75,23358.75,23422.5,23298.5,23218.25,23148.0,70.25,23192.75,23410.75,23416.5,23148.0,0.9270092132511855,23253.25,23191.0,23213.75,23283.25,23142.5,0.9043198861539025
2025-07-24,23442.0,23329.0,23396.5,23409.5,23362.75,960024,23302.75,23198.5,23293.5,23416.5,23148.0,23405.25,23357.0,23372.75,23442.0,23330.25,23396.5,23329.0,67.5,23332.25,23395.0,23425.0,23329.0,0.7452035086295591,23405.5,23248.0,23358.75,23422.5,23148.0,0.9270092132511855
2025-07-25,23477.0,23390.25,23445.0,23461.5,23415.0,478823,23415.0,23368.75,23392.75,23425.0,23329.0,,,,,,23423.25,23390.25,33.0,23405.25,23447.25,23477.0,23390.25,0.3716788117927587,23409.5,23362.75,23396.5,23442.0,23329.0,0.7452035086295591
2025-07-27,23585.0,23462.5,23514.5,23527.75,23470.5,474306,23461.5,23415.0,23445.0,23477.0,23390.25,23527.75,23470.5,23514.5,23585.0,23462.5,,,,,,,,0.36817256169017826,23461.5,23415.0,23445.0,23477.0,23390.25,0.3716788117927587
2025-07-28,23652.25,23437.0,23487.5,23573.75,23437.0,927239,,,,,,23607.0,23540.5,23586.0,23652.25,23503.0,23518.5,23437.0,81.5,23503.25,23509.0,23518.5,23437.0,0.7197546687772012,23527.75,23470.5,23514.5,23585.0,23462.5,0.36817256169017826
2025-07-29,23576.25,23422.0,23483.0,23514.5,23466.25,1068719,23501.0,23461.75,23487.5,23518.5,23437.0,23505.0,23475.25,23483.0,23526.5,23448.25,23576.25,23458.0,118.25,23559.25,23451.5,23576.25,23422.0,0.8295762903209438,23573.75,23437.0,23487.5,23652.25,23437.0,0.7197546687772012
2025-07-30,23848.0,23355.0,23534.5,23674.75,23355.0,1447471,23519.75,23456.25,23478.75,23576.25,23422.0,23814.75,23669.5,23795.0,23848.0,23608.25,23541.25,23475.0,66.25,23503.75,23662.25,23688.0,23355.0,1.1235765645854026,23514.5,23466.25,23483.0,23576.25,23422.0,0.8295762903209438
2025-07-31,23657.0,22799.25,23382.5,23657.0,23115.25,2109911,23589.75,23425.0,23534.5,23688.0,23355.0,23172.5,22872.25,23112.5,23347.5,22799.25,23657.0,23483.75,173.25,23640.25,23329.25,23657.0,23286.5,1.6377851804705943,23674.75,23355.0,23534.5,23848.0,23355.0,1.1235765645854026
2025-08-01,23045.5,22788.25,22877.25,22971.25,22834.25,925316,23547.25,23306.75,23382.5,23657.0,23286.5,,,,,,23022.5,22900.0,122.5,22984.75,22874.25,23045.5,22788.25,0.7182619703164391,23657.0,23115.25,23382.5,23657.0,22799.25,1.6377851804705943
2025-08-03,23263.75,22822.0,23065.5,23263.75,22987.25,630192,22971.25,22834.25,22877.25,23045.5,22788.25,23263.75,22987.25,23065.5,23263.75,22822.0,,,,,,,,0.4891766138245285,22971.25,22834.25,22877.25,23045.5,22788.25,0.7182619703164391
2025-08-04,23404.25,23187.5,23265.75,23366.25,23252.5,1211511,,,,,,23374.0,23316.0,23343.25,23404.25,23262.0,23254.75,23187.5,67.25,23250.0,23351.5,23353.75,23187.5,0.9404163311993302,23263.75,22987.25,23065.5,23263.75,22822.0,0.4891766138245285
2025-08-05,23291.5,23045.25,23168.0,23217.25,23137.75,1610809,23299.0,23219.0,23265.75,23353.75,23187.5,23237.0,23150.0,23168.0,23285.0,23045.25,23291.5,23138.75,152.75,23289.75,23090.75,23291.5,23082.0,1.2503651143430492,23366.25,23252.5,23265.75,23404.25,23187.5,0.9404163311993302
2025-08-06,23671.25,23179.5,23610.0,23671.25,23377.25,1352315,23204.25,23136.75,23162.5,23291.5,23082.0,23655.75,23548.75,23610.0,23671.25,23385.25,23331.25,23179.5,151.75,23199.5,23413.0,23444.75,23179.5,1.0497132183907718,23217.25,23137.75,23168.0,23291.5,23045.25,1.2503651143430492
2025-08-07,23686.5,23330.0,23547.5,23581.25,23409.25,1404331,23408.5,23226.25,23372.0,23444.75,23179.5,23629.0,23516.0,23544.25,23686.5,23503.25,23593.75,23496.75,97.0,23574.5,23521.5,23593.75,23330.0,1.0900898190849992,23671.25,23377.25,23610.0,23671.25,23179.5,1.0497132183907718
2025-08-08,23768.5,23612.0,23689.5,23712.0,23660.25,622640,23533.0,23389.0,23408.25,23593.75,23330.0,,,,,,23702.75,23643.0,59.75,23675.75,23767.25,23768.5,23612.0,0.4833144927763355,23581.25,23409.25,23547.5,23686.5,23330.0,1.0900898190849992
2025-08-10,23773.5,23667.75,23735.25,23750.75,23704.75,463362,23712.0,23660.25,23689.5,23768.5,23612.0,23750.75,23704.75,23735.25,23773.5,23667.75,,,,,,,,0.3596774540694918,23712.0,23660.25,23689.5,23768.5,23612.0,0.4833144927763355
2025-08-11,23822.25,23587.0,23743.0,23768.0,23647.0,1313121,,,,,,23742.75,23622.0,23641.75,23822.25,23596.0,23761.25,23713.75,47.5,23752.0,23630.0,23804.5,23587.0,1.0192894932367893,23750.75,23704.75,23735.25,23773.5,23667.75,0.3596774540694918
2025-08-12,24069.0,23732.5,23993.5,24067.5,23898.25,966969,23799.5,23682.0,23745.0,23804.5,23587.0,24057.75,23970.25,23993.5,24069.0,23921.0,23861.0,23732.5,128.5,23753.0,23948.75,23952.5,23732.5,0.7505944554886296,23768.0,23647.0,23743.0,23822.25,23587.0,1.0192894932367893
2025-08-13,23973.25,23793.25,23926.25,23951.5,23905.75,1124811,23945.5,23840.75,23911.25,23952.5,23732.5,23956.5,23896.0,23927.0,23965.0,23793.25,23973.25,23892.25,81.0,23957.0,23927.75,23973.25,23886.0,0.8731168218139578,24067.5,23898.25,23993.5,24069.0,23732.5,0.7505944554886296
2025-08-14,24005.5,23766.0,23905.75,23960.75,23872.75,1211104,23951.5,23912.75,23924.5,23973.25,23886.0,23924.25,23838.5,23905.75,23962.75,23766.0,24005.5,23862.75,142.75,23951.25,23891.0,24005.5,23862.75,0.9401004038600009,23951.5,23905.75,23926.25,23973.25,23793.25,0.8731168218139578
2025-08-15,23862.75,23734.75,23809.75,23826.25,23786.0,628392,23950.75,23880.5,23920.75,24005.5,23862.75,,,,,,23862.75,23786.75,76.0,23855.5,23796.5,23862.75,23734.75,0.48777939217638927,23960.75,23872.75,23905.75,24005.5,23766.0,0.9401004038600009
2025-08-17,23882.0,23735.0,23768.0,23810.0,23754.0,473197,23826.25,23786.0,23809.75,23862.75,23734.75,23810.0,23754.0,23768.0,23882.0,23735.0,,,,,,,,0.3673117179080747,23826.25,23786.0,23809.75,23862.75,23734.75,0.48777939217638927
2025-08-18,23839.75,23622.75,23763.25,23808.5,23722.75,1102146,,,,,,23759.0,23639.25,23684.25,23839.75,23622.75,23788.75,23718.75,70.0,23775.5,23789.5,23816.0,23718.75,0.8555234725611381,23810.0,23754.0,23768.0,23882.0,23735.0,0.3673117179080747
2025-08-19,23659.0,23063.25,23469.75,23576.25,23322.5,1620782,23784.25,23737.25,23759.25,23816.0,23718.75,23447.5,23181.0,23416.0,23489.0,23063.25,23659.0,23514.0,145.0,23627.0,23473.25,23659.0,23425.25,1.2581064985079895,23808.5,23722.75,23763.25,23839.75,23622.75,0.8555234725611381
2025-08-20,23369.5,23035.25,23244.5,23328.5,23201.0,1674147,23558.0,23426.5,23469.75,23659.0,23425.25,23329.0,23223.75,23303.0,23369.5,23155.25,23228.0,23035.25,192.75,23096.0,23318.75,23368.5,23035.25,1.2995302392040726,23576.25,23322.5,23469.75,23659.0,23063.25,1.2581064985079895
2025-08-21,23633.5,23074.25,23208.75,23303.0,23169.5,1675094,23322.25,23152.5,23250.0,23368.5,23035.25,23519.25,23158.75,23248.0,23633.5,23074.25,23345.75,23204.0,141.75,23345.25,23222.5,23345.75,23119.5,1.3002653330378435,23328.5,23201.0,23244.5,23369.5,23035.25,1.2995302392040726
2025-08-22,23650.0,23507.0,23608.0,23625.75,23557.75,729759,23266.5,23173.75,23208.5,23345.75,23119.5,,,,,,23650.0,23554.25,95.75,23554.25,23582.75,23650.0,23507.0,0.5664639292913495,23303.0,23169.5,23208.75,23633.5,23074.25,1.3002653330378435
2025-08-24,23610.0,23445.0,23493.0,23543.75,23466.0,570765,23625.75,23557.75,23608.0,23650.0,23507.0,23543.75,23466.0,23493.0,23610.0,23445.0,,,,,,,,0.44304734111121213,23625.75,23557.75,23608.0,23650.0,23507.0,0.5664639292913495
2025-08-25,23616.75,23371.25,23471.25,23565.0,23423.25,1217192,,,,,,23505.0,23441.5,23471.25,23548.0,23371.25,23603.75,23531.25,72.5,23540.5,23502.25,23616.75,23485.5,0.9448261179677074,23543.75,23466.0,23493.0,23610.0,23445.0,0.44304734111121213
2025-08-26,23629.0,23479.0,23530.0,23572.75,23500.75,1110881,23603.75,23551.5,23572.25,23616.75,23485.5,23620.5,23540.5,23598.0,23629.0,23488.5,23551.5,23503.5,48.0,23542.75,23607.25,23611.0,23479.0,0.8623038787258582,23565.0,23423.25,23471.25,23616.75,23371.25,0.9448261179677074
2025-08-27,23743.25,23429.0,23601.75,23663.75,23569.5,1386755,23551.5,23509.0,23542.5,23611.0,23479.0,23702.5,23587.0,23619.0,23743.25,23486.75,23616.0,23584.0,32.0,23598.5,23542.25,23685.0,23429.0,1.0764467259251689,23572.75,23500.75,23530.0,23629.0,23479.0,0.8623038787258582
2025-08-28,23803.75,23428.0,23730.0,23793.25,23628.75,1313884,23633.0,23570.5,23601.75,23685.0,23429.0,23680.25,23467.75,23656.25,23762.75,23428.0,23754.25,23628.75,125.5,23630.0,23761.25,23803.75,23628.75,1.0198817599687504,23663.75,23569.5,23601.75,23743.25,23429.0,1.0764467259251689
2025-08-29,23515.75,23401.5,23456.25,23482.75,23438.75,738117,23792.5,23703.5,23762.25,23803.75,23628.75,,,,,,23515.75,23413.5,102.25,23498.25,23454.5,23515.75,23401.5,0.5729516951442092,23793.25,23628.75,23730.0,23803.75,23428.0,1.0198817599687504
2025-08-31,23555.25,23371.5,23480.0,23498.0,23424.75,275399,23482.75,23438.75,23456.25,23515.75,23401.5,23498.0,23424.75,23480.0,23555.25,23371.5,,,,,,,,0.21377413593105168,23482.75,23438.75,23456.25,23515.75,23401.5,0.5729516951442092
2025-09-01,23511.0,23025.0,23233.5,23316.0,23060.0,921202,,,,,,23299.5,23060.0,23233.5,23511.0,23025.0,23505.0,23479.25,25.75,23484.5,23502.75,23507.0,23479.25,0.715068542616192,23498.0,23424.75,23480.0,23555.25,23371.5,0.21377413593105168
2025-09-02,23472.0,23026.5,23433.25,23472.0,23173.0,1535142,23482.75,23438.75,23456.25,23515.75,23401.5,23451.75,23377.5,23433.25,23472.0,23299.75,23261.5,23095.5,166.0,23261.25,23379.25,23386.5,23026.5,1.1916297974265213,23316.0,23060.0,23233.5,23511.0,23025.0,0.715068542616192
2025-09-03,23548.25,23318.25,23434.25,23507.5,23408.0,1490038,23261.25,23082.25,23163.0,23386.5,23026.5,23515.5,23459.25,23469.5,23548.25,23410.0,23526.0,23420.5,105.5,23433.5,23455.5,23526.0,23318.25,1.1566185278611483,23472.0,23173.0,23433.25,23472.0,23026.5,1.1916297974265213
2025-09-04,23902.5,23479.5,23532.5,23788.25,23491.0,1452434,23503.25,23370.25,23428.25,23526.0,23318.25,23858.0,23692.0,23783.0,23902.5,23629.25,23556.0,23479.5,76.5,23481.0,23683.75,23709.0,23479.5,1.127429015163022,23507.5,23408.0,23434.25,23548.25,23318.25,1.1566185278611483
2025-09-05,23696.25,23505.0,23631.0,23667.25,23596.0,1038066,23603.0,23492.0,23532.5,23709.0,23479.5,,,,,,23665.75,23505.0,160.75,23653.75,23673.0,23696.25,23505.0,0.8057823818873819,23788.25,23491.0,23532.5,23902.5,23479.5,1.127429015163022
2025-09-07,23876.5,23650.5,23776.25,23836.0,23730.75,579503,23667.25,23596.0,23631.0,23696.25,23505.0,23836.0,23730.75,23776.25,23876.5,23650.5,,,,,,,,0.4498300759786791,23667.25,23596.0,23631.0,23696.25,23505.0,0.8057823818873819
2025-09-08,23888.0,23758.5,23802.25,23852.75,23790.75,1186424,,,,,,23849.25,23813.75,23826.75,23885.25,23781.0,23888.0,23844.0,44.0,23862.5,23798.5,23888.0,23758.5,0.9209429425955143,23836.0,23730.75,23776.25,23876.5,23650.5,0.4498300759786791
2025-09-09,24041.0,23726.5,23841.5,23932.25,23736.5,1243690,23852.5,23763.0,23800.5,23888.0,23758.5,23976.75,23905.25,23945.25,24041.0,23874.0,23812.25,23726.5,85.75,23810.5,23889.0,23918.0,23726.5,0.9653947730968147,23852.75,23790.75,23802.25,23888.0,23758.5,0.9209429425955143
2025-09-10,24003.25,23785.0,23967.5,23983.25,23887.5,1330118,23861.25,23768.25,23841.5,23918.0,23726.5,23988.0,23917.0,23954.75,24003.25,23845.0,23990.75,23920.75,70.0,23963.5,23859.0,23990.75,23785.0,1.0324831467664684,23932.25,23736.5,23841.5,24041.0,23726.5,0.9653947730968147
2025-09-11,24076.5,23961.5,24028.25,24039.75,24006.0,1024347,23965.25,23852.25,23923.5,23990.75,23785.0,24049.5,24008.25,24028.75,24076.5,23968.75,24048.75,23961.5,87.25,23965.0,24006.5,24048.75,23961.5,0.7951332242258141,23983.25,23887.5,23967.5,24003.25,23785.0,1.0324831467664684
2025-09-12,24159.0,24064.5,24104.5,24120.25,24079.0,583010,24038.25,24008.75,24025.75,24048.75,23961.5,,,,,,24115.75,24064.5,51.25,24071.75,24114.5,24159.0,24064.5,0.4525523294898037,24039.75,24006.0,24028.25,24076.5,23961.5,0.7951332242258141
2025-09-14,24265.5,24075.5,24248.75,24265.5,24130.0,250070,24120.25,24079.0,24104.5,24159.0,24064.5,24265.5,24130.0,24248.75,24265.5,24075.5,,,,,,,,0.19411289863898595,24120.25,24079.0,24104.5,24159.0,24064.5,0.4525523294898037
2025-09-15,24403.75,24221.0,24276.75,24304.0,24247.5,380516,,,,,,24351.25,24284.25,24303.25,24403.75,24278.75,24278.75,24221.0,57.75,24254.25,24295.75,24315.75,24221.0,0.29536955147963523,24265.5,24130.0,24248.75,24265.5,24075.5,0.19411289863898595
2025-09-16,24553.0,24257.5,24519.0,24541.75,24460.0,495016,24120.25,24079.0,24104.5,24159.0,24064.5,24529.75,24468.75,24519.0,24553.0,24436.25,24313.75,24268.0,45.75,24296.0,24292.5,24322.75,24257.5,0.3842483729862689,24304.0,24247.5,24276.75,24403.75,24221.0,0.29536955147963523
2025-09-17,24790.0,24241.75,24409.75,24640.5,24241.75,1557867,24301.5,24274.0,24294.5,24322.75,24257.5,24747.5,24624.5,24674.0,24790.0,24492.5,24459.75,24403.5,56.25,24440.25,24501.25,24550.75,24241.75,1.2092697207342789,24541.75,24460.0,24519.0,24553.0,24257.5,0.3842483729862689
2025-09-18,24816.0,24655.0,24747.25,24798.5,24728.5,1138500,24508.5,24376.0,24409.75,24550.75,24241.75,24807.25,24722.25,24782.25,24816.0,24655.0,24815.75,24731.75,84.0,24786.25,24713.75,24815.75,24684.75,0.8837426924480566,24640.5,24241.75,24409.75,24790.0,24241.75,1.2092697207342789
2025-09-19,24888.0,24708.0,24810.0,24879.75,24763.75,601614,24787.0,24726.75,24746.25,24815.75,24684.75,,,,,,24790.5,24718.75,71.75,24782.5,24861.25,24888.0,24708.0,0.46699339145757146,24798.5,24728.5,24747.25,24816.0,24655.0,0.8837426924480566
2025-09-21,24905.75,24748.5,24848.75,24889.0,24811.25,470972,24879.75,24763.75,24810.0,24888.0,24708.0,24889.0,24811.25,24848.75,24905.75,24748.5,,,,,,,,0.3655845967041248,24879.75,24763.75,24810.0,24888.0,24708.0,0.46699339145757146
2025-09-22,25027.25,24890.25,24991.25,25019.5,24948.25,1024435,,,,,,25014.5,24954.5,25000.0,25026.25,24929.5,24938.0,24890.25,47.75,24903.5,24996.5,25027.25,24890.25,0.7952015328397232,24889.0,24811.25,24848.75,24905.75,24748.5,0.3655845967041248
2025-09-23,24975.0,24779.25,24824.5,24899.5,24785.0,1279596,25023.5,24924.25,24991.25,25027.25,24890.25,24872.5,24802.25,24824.5,24913.25,24785.0,24975.0,24930.75,44.25,24953.25,24834.25,24975.0,24779.25,0.9932662400401963,25019.5,24948.25,24991.25,25027.25,24890.25,0.7952015328397232
2025-09-24,24829.75,24422.0,24724.0,24827.75,24604.75,1558602,24975.0,24822.5,24949.0,24975.0,24779.25,24642.5,24447.25,24578.5,24792.5,24422.0,24829.75,24777.0,52.75,24818.25,24747.75,24829.75,24628.0,1.2098402529072692,24899.5,24785.0,24824.5,24975.0,24779.25,0.9932662400401963
2025-09-25,24747.25,24453.5,24613.5,24678.75,24582.25,1809482,24755.0,24650.0,24724.0,24829.75,24628.0,24687.0,24585.0,24600.25,24747.25,24520.0,24656.75,24583.75,73.0,24620.0,24635.25,24697.0,24453.5,1.4045819012879177,24827.75,24604.75,24724.0,24829.75,24422.0,1.2098402529072692
2025-09-26,24746.5,24539.0,24716.75,24743.0,24595.0,786540,24655.75,24569.5,24622.25,24697.0,24453.5,,,,,,24642.75,24539.0,103.75,24569.0,24727.5,24746.5,24539.0,0.6105392861819011,24678.75,24582.25,24613.5,24747.25,24453.5,1.4045819012879177
2025-09-28,24975.0,24723.75,24887.0,24935.75,24779.25,556310,24743.0,24595.0,24716.75,24746.5,24539.0,24935.75,24779.25,24887.0,24975.0,24723.75,,,,,,,,0.43182687504240524,24743.0,24595.0,24716.75,24746.5,24539.0,0.6105392861819011
2025-09-29,24961.25,24722.5,24826.0,24861.75,24775.75,1315479,,,,,,24816.75,24754.25,24794.0,24856.75,24722.5,24961.25,24861.5,99.75,24957.0,24811.5,24961.25,24780.5,1.0211198535958517,24935.75,24779.25,24887.0,24975.0,24723.75,0.43182687504240524
2025-09-30,24913.75,24633.75,24791.25,24851.75,24757.25,1579895,24868.75,24809.5,24846.0,24961.25,24780.5,24838.25,24739.75,24778.75,24893.0,24633.75,24864.0,24752.25,111.75,24783.75,24838.5,24913.75,24731.25,1.226368608770507,24861.75,24775.75,24826.0,24961.25,24722.5,1.0211198535958517
2025-10-01,25180.0,24874.75,25025.25,25179.25,24979.0,1244172,24853.75,24770.25,24791.25,24913.75,24731.25,25093.5,25014.25,25058.5,25180.0,25001.0,24920.75,24874.75,46.0,24884.0,25009.0,25037.0,24874.75,0.9657689180048163,24851.75,24757.25,24791.25,24913.75,24633.75,1.226368608770507
2025-10-02,25197.0,24993.75,25107.25,25127.75,25023.75,1195773,25035.25,24922.75,25019.25,25037.0,24874.75,25189.5,25103.75,25146.0,25197.0,25051.0,25090.75,24993.75,97.0,25076.25,25105.5,25126.75,24993.75,0.9281999565890997,25179.25,24979.0,25025.25,25180.0,24874.75,0.9657689180048163
2025-10-03,25156.0,24923.0,25117.25,25152.0,25005.0,858810,25122.5,25042.25,25107.25,25126.75,24993.75,,,,,,25143.0,25078.5,64.5,25090.0,24981.5,25156.0,24923.0,0.6666377353546908,25127.75,25023.75,25107.25,25197.0,24993.75,0.9281999565890997
2025-10-05,25241.5,24994.0,25159.25,25227.5,25117.0,587159,25152.0,25005.0,25117.25,25156.0,24923.0,25227.5,25117.0,25159.25,25241.5,24994.0,,,,,,,,0.45577292538876457,25152.0,25005.0,25117.25,25156.0,24923.0,0.6666377353546908
2025-10-06,25274.75,25110.25,25235.0,25257.25,25174.75,1061513,,,,,,25270.75,25179.5,25237.0,25274.75,25122.75,25176.75,25110.25,66.5,25143.25,25184.0,25253.0,25110.25,0.8239827463228931,25227.5,25117.0,25159.25,25241.5,24994.0,0.45577292538876457
2025-10-07,25231.25,24985.25,25044.0,25123.25,25009.25,1515798,25244.25,25173.25,25199.5,25253.0,25110.25,25154.5,25030.75,25088.25,25231.0,25026.25,25231.25,25053.75,177.5,25213.5,25055.0,25231.25,24985.25,1.1766143221145184,25257.25,25174.75,25235.0,25274.75,25110.25,0.8239827463228931
2025-10-08,25393.0,25172.75,25269.25,25334.75,25244.75,1176934,25087.25,24999.75,25038.25,25231.25,24985.25,25343.25,25269.75,25327.5,25393.0,25245.25,25246.5,25172.75,73.75,25216.75,25354.5,25364.75,25172.75,0.9135764795728248,25123.25,25009.25,25044.0,25231.25,24985.25,1.1766143221145184
2025-10-09,25388.0,25160.75,25217.25,25321.0,25192.0,1398346,25319.0,25211.0,25249.0,25364.75,25172.75,25351.5,25304.25,25328.75,25388.0,25251.25,25274.25,25193.5,80.75,25252.25,25287.5,25300.0,25160.75,1.0854440571049364,25334.75,25244.75,25269.25,25393.0,25172.75,0.9135764795728248
2025-10-10,25359.75,24157.75,24667.75,24900.75,24494.5,1841745,25261.25,25197.5,25217.25,25300.0,25160.75,,,,,,25359.75,24802.75,557.0,25335.5,24188.25,25359.75,24157.75,1.4296255468623154,25321.0,25192.0,25217.25,25388.0,25160.75,1.0854440571049364
2025-10-12,24945.0,24482.0,24829.25,24879.75,24761.5,1140794,24900.75,24494.5,24667.75,25359.75,24157.75,24879.75,24761.5,24829.25,24945.0,24482.0,,,,,,,,0.8855233738151851,24900.75,24494.5,24667.75,25359.75,24157.75,1.4296255468623154
2025-10-13,25044.5,24423.25,24908.0,24966.5,24623.75,2101857,,,,,,24725.0,24489.75,24633.5,25044.5,24423.25,24888.5,24743.5,145.0,24825.0,24905.0,24965.0,24743.5,1.6315333898294202,24879.75,24761.5,24829.25,24945.0,24482.0,0.8855233738151851
2025-10-14,25117.75,24670.5,24893.5,25024.25,24760.0,1910447,24947.75,24863.5,24903.0,24965.0,24743.5,25076.75,24872.5,24963.5,25117.75,24740.5,24768.75,24670.5,98.25,24721.0,24755.75,24947.25,24670.5,1.4829543922347934,24966.5,24623.75,24908.0,25044.5,24423.25,1.6315333898294202
2025-10-15,25125.5,24663.5,24935.75,25069.75,24853.0,2186223,24939.0,24732.25,24910.5,24947.25,24670.5,25099.25,25012.0,25068.0,25125.5,24874.5,25116.0,25045.5,70.5,25101.5,24942.0,25116.0,24663.5,1.6970211684777055,25024.25,24760.0,24893.5,25117.75,24670.5,1.4829543922347934
2025-10-16,25179.75,24410.25,24758.5,24973.75,24653.5,3098927,25015.5,24784.5,24942.0,25116.0,24663.5,24936.0,24643.25,24753.75,24960.75,24410.25,25179.75,25018.75,161.0,25081.25,24793.75,25179.75,24643.25,2.4054932724461824,25069.75,24853.0,24935.75,25125.5,24663.5,1.6970211684777055
2025-10-17,25054.25,24674.5,25005.75,25049.25,24830.0,1153354,24977.0,24666.25,24776.0,25179.75,24643.25,,,,,,24914.75,24700.5,214.25,24909.0,25033.0,25054.25,24674.5,0.8952728759822011,24973.75,24653.5,24758.5,25179.75,24410.25,2.4054932724461824
2025-10-19,25283.5,24956.0,25232.75,25283.5,25078.5,727126,25049.25,24830.0,25005.75,25054.25,24674.5,25283.5,25078.5,25232.75,25283.5,24956.0,,,,,,,,0.5644201045138213,25049.25,24830.0,25005.75,25054.25,24674.5,0.8952728759822011
2025-10-20,25368.0,25204.75,25313.25,25340.75,25270.25,1246010,,,,,,25305.25,25233.5,25279.0,25368.0,25204.75,25333.0,25265.0,68.0,25281.75,25326.25,25355.0,25265.0,0.9671956365544163,25283.5,25078.5,25232.75,25283.5,24956.0,0.5644201045138213
2025-10-21,25347.5,25116.5,25259.5,25316.0,25235.75,1417611,25330.75,25297.75,25317.25,25355.0,25265.0,25281.0,25210.0,25253.0,25338.5,25116.5,25303.0,25203.0,100.0,25221.0,25265.0,25347.5,25203.0,1.100398209911271,25340.75,25270.25,25313.25,25368.0,25204.75,0.9671956365544163
2025-10-22,25191.75,24805.25,25092.75,25155.75,24974.25,2180705,25324.75,25263.0,25309.75,25347.5,25203.0,25166.25,25030.75,25092.5,25179.75,24933.25,25191.75,25023.0,168.75,25125.5,25040.0,25191.75,24805.25,1.6927379078919098,25316.0,25235.75,25259.5,25347.5,25116.5,1.100398209911271
2025-10-23,25550.5,25119.5,25265.75,25380.75,25133.25,1375754,25142.25,24931.0,25034.25,25191.75,24805.25,25550.5,25375.25,25520.75,25550.5,25275.5,25199.25,25133.25,66.0,25147.25,25277.25,25295.0,25119.5,1.0679073729522912,25155.75,24974.25,25092.75,25191.75,24805.25,1.6927379078919098
2025-10-24,25569.0,25432.5,25548.0,25559.75,25509.75,620714,25283.5,25182.75,25265.75,25295.0,25119.5,,,,,,25544.5,25432.5,112.0,25499.5,25510.25,25569.0,25432.5,0.4818194656128265,25380.75,25133.25,25265.75,25550.5,25119.5,1.0679073729522912
2025-10-26,25876.75,25698.5,25836.0,25869.5,25784.25,531066,25559.75,25509.75,25548.0,25569.0,25432.5,25869.5,25784.25,25836.0,25876.75,25698.5,,,,,,,,0.4122316176615016,25559.75,25509.75,25548.0,25569.0,25432.5,0.4818194656128265
2025-10-27,26094.0,25850.0,25903.75,26013.0,25855.5,918649,,,,,,26094.0,25988.25,26056.0,26094.0,25942.25,25901.75,25850.0,51.75,25868.5,26004.0,26026.0,25850.0,0.7130868165785812,25869.5,25784.25,25836.0,25876.75,25698.5,0.4122316176615016
2025-10-28,26326.5,26006.0,26269.5,26310.0,26130.25,1242005,25930.75,25855.5,25903.75,26026.0,25850.0,26300.25,26248.0,26269.5,26326.5,26164.75,26056.5,26008.5,48.0,26046.0,26172.5,26232.0,26006.0,0.9640868183873066,26013.0,25855.5,25903.75,26094.0,25850.0,0.7130868165785812
2025-10-29,26399.5,25941.5,26246.25,26304.5,26127.25,2194722,26165.5,26008.5,26041.75,26232.0,26006.0,26258.5,26010.75,26111.75,26399.5,25941.5,26308.5,26237.0,71.5,26298.0,26223.75,26378.5,26047.5,1.7036183833596694,26310.0,26130.25,26269.5,26326.5,26006.0,0.9640868183873066
2025-10-30,26273.0,25853.0,26057.0,26168.25,25967.75,1709567,26276.5,26183.0,26246.25,26378.5,26047.5,26230.75,26108.5,26193.5,26273.0,26057.0,26098.5,25978.75,119.75,26019.75,26149.0,26149.0,25853.0,1.3270244563024565,26304.5,26127.25,26246.25,26399.5,25941.5,1.7036183833596694
2025-10-31,26183.0,25887.75,25996.5,26084.75,25899.5,1088591,26076.25,25975.0,26057.0,26149.0,25853.0,,,,,,26183.0,26100.5,82.5,26106.25,25983.75,26183.0,25887.75,0.8450016173164009,26168.25,25967.75,26057.0,26273.0,25853.0,1.3270244563024565
2025-11-02,26252.75,26012.5,26153.25,26252.75,26078.0,395128,26084.75,25899.5,25996.5,26183.0,25887.75,26252.75,26078.0,26153.25,26252.75,26012.5,,,,,,,,0.3067118863255298,26084.75,25899.5,25996.5,26183.0,25887.75,0.8450016173164009
2025-11-03,26265.75,25644.75,26092.0,26265.75,25922.5,1679690,,,,,,25890.0,25644.75,25767.25,26178.0,25644.75,26265.75,26034.0,231.75,26235.75,26108.5,26265.75,26012.75,1.3038329056460924,26252.75,26078.0,26153.25,26252.75,26012.5,0.3067118863255298
2025-11-04,25893.75,25282.75,25663.75,25774.5,25450.5,2086450,26147.75,26070.25,26092.0,26265.75,26012.75,25589.5,25440.25,25525.5,25595.75,25282.75,25893.75,25663.0,230.75,25741.5,25577.0,25893.75,25545.0,1.6195739487555973,26265.75,25922.5,26092.0,26265.75,25644.75,1.3038329056460924
2025-11-05,25878.5,25487.75,25711.0,25794.0,25637.25,1559869,25779.25,25579.25,25663.75,25893.75,25545.0,25753.5,25655.75,25731.0,25823.75,25616.75,25718.0,25487.75,230.25,25542.25,25743.5,25878.5,25487.75,1.2108237417007093,25774.5,25450.5,25663.75,25893.75,25282.75,1.6195739487555973
2025-11-06,25684.75,25062.0,25327.5,25449.0,25212.5,2515719,25871.5,25670.0,25856.5,25878.5,25487.75,25348.75,25149.5,25247.25,25354.75,25062.0,25684.75,25404.25,280.5,25673.75,25258.25,25684.75,25197.25,1.9527872485750835,25794.0,25637.25,25711.0,25878.5,25487.75,1.2108237417007093
2025-11-07,25228.5,24709.0,24936.0,25033.75,24761.25,1816939,25425.75,25226.25,25331.5,25684.75,25197.25,25216.25,25185.75,25200.75,25228.5,25160.75,25111.5,24881.75,229.75,25110.25,25162.25,25173.0,24709.0,1.410370280082459,25449.0,25212.5,25327.5,25684.75,25062.0,1.9527872485750835
2025-11-09,25569.5,25268.75,25541.0,25566.0,25420.25,494070,25033.75,24773.0,24936.0,25173.0,24709.0,25566.0,25420.25,25541.0,25569.5,25268.75,,,,,,,,0.3835140553867469,25033.75,24761.25,24936.0,25228.5,24709.0,1.410370280082459
2025-11-10,25768.75,25452.25,25645.0,25749.0,25580.75,1711729,,,,,,25767.75,25623.5,25740.5,25768.75,25572.5,25666.5,25524.0,142.5,25539.0,25713.25,25760.0,25452.25,1.3287026747487216,25566.0,25420.25,25541.0,25569.5,25268.75,0.3835140553867469
2025-11-11,25830.5,25478.5,25665.0,25677.5,25514.75,1489632,25676.5,25502.5,25645.0,25760.0,25452.25,25813.25,25713.0,25786.75,25830.5,25626.5,25646.0,25533.0,113.0,25605.25,25647.25,25695.75,25478.5,1.156303376756068,25749.0,25580.75,25645.0,25768.75,25452.25,1.3287026747487216
2025-11-12,25780.5,25434.5,25596.0,25628.25,25525.0,2017995,25676.0,25545.0,25661.5,25695.75,25478.5,25677.0,25504.5,25570.5,25721.75,25434.5,25780.5,25561.5,219.0,25778.5,25625.25,25780.5,25488.75,1.566436833242614,25677.5,25514.75,25665.0,25830.5,25478.5,1.156303376756068
2025-11-13,25501.5,24657.5,25055.5,25315.0,24917.75,2842999,25624.5,25545.0,25595.0,25780.5,25488.75,25167.0,24776.75,25131.25,25167.0,24657.5,25501.5,25280.75,220.75,25477.25,25099.75,25501.5,25002.0,2.2068331935767524,25628.25,25525.0,25596.0,25780.5,25434.5,1.566436833242614
2025-11-14,25293.5,24626.0,25160.5,25293.5,24997.0,1842299,25275.0,25013.75,25049.0,25501.5,25002.0,25162.75,25103.5,25132.25,25162.75,25076.0,25028.25,24626.0,402.25,24722.75,25105.0,25293.5,24626.0,1.4300555806362425,25315.0,24917.75,25055.5,25501.5,24657.5,2.2068331935767524
2025-11-16,25362.0,24989.25,25241.0,25293.5,25079.25,689089,25293.5,24985.0,25160.5,25293.5,24626.0,25293.5,25079.25,25241.0,25362.0,24989.25,,,,,,,,0.5348944823858928,25293.5,24997.0,25160.5,25293.5,24626.0,1.4300555806362425
2025-11-17,25254.75,24603.75,24794.75,25087.25,24679.25,2768367,,,,,,24846.75,24655.0,24734.0,24959.75,24603.75,25254.75,24955.25,299.5,24997.75,24886.75,25254.75,24732.0,2.1489012791079043,25293.5,25079.25,25241.0,25362.0,24989.25,0.5348944823858928
2025-11-18,24832.0,24380.0,24545.25,24720.5,24492.0,2898625,25226.5,24947.25,25092.0,25254.75,24732.0,24648.0,24517.0,24545.25,24731.5,24446.5,24832.0,24430.0,402.0,24718.25,24584.5,24832.0,24380.0,2.250011999909748,25087.25,24679.25,24794.75,25254.75,24603.75,2.1489012791079043
2025-11-19,25265.0,24508.0,24632.25,24937.25,24566.25,2857348,24788.75,24551.0,24737.0,24832.0,24380.0,25224.75,25057.5,25146.75,25265.0,24664.25,24988.0,24572.75,415.25,24610.75,24725.75,24988.0,24508.0,2.217971378815169,24720.5,24492.0,24545.25,24832.0,24380.0,2.250011999909748
2025-11-20,25310.0,23904.0,24187.5,24775.5,23919.25,3511791,24772.5,24579.5,24632.25,24988.0,24508.0,24234.5,24086.75,24187.5,24291.75,23904.0,25300.25,25145.0,155.25,25209.25,24135.25,25310.0,24099.5,2.7259724494113775,24937.25,24566.25,24632.25,25265.0,24508.0,2.217971378815169
2025-11-21,24596.5,23927.25,24359.5,24421.5,24042.5,2015380,25310.0,24400.75,25224.75,25310.0,24099.5,24341.75,24310.25,24321.5,24360.5,24302.75,24298.25,24027.0,271.25,24203.75,24313.0,24596.5,23927.25,1.5644069806815672,24775.5,23919.25,24187.5,25310.0,23904.0,2.7259724494113775
2025-11-23,24574.5,24361.25,24482.5,24522.5,24414.25,628560,24421.5,24038.5,24359.5,24596.5,23927.25,24522.5,24414.25,24482.5,24574.5,24361.25,,,,,,,,0.48790979953021557,24421.5,24042.5,24359.5,24596.5,23927.25,1.5644069806815672
2025-11-24,24993.25,24513.5,24934.25,24993.25,24774.0,1786968,,,,,,24960.5,24876.75,24933.75,24986.75,24821.75,24769.5,24513.5,256.0,24522.25,24935.5,24993.25,24513.5,1.387105763406692,24522.5,24414.25,24482.5,24574.5,24361.25,0.48790979953021557
2025-11-25,25236.0,24602.0,24780.0,25034.5,24602.0,2035305,24993.25,24716.0,24934.25,24993.25,24513.5,25218.5,25149.5,25195.75,25236.0,25059.25,24882.0,24602.0,280.0,24856.75,25079.25,25135.75,24602.0,1.5798734480922194,24993.25,24774.0,24934.25,24993.25,24513.5,1.387105763406692
2025-11-26,25375.5,25134.75,25314.0,25369.75,25238.25,1403643,24965.0,24602.0,24780.0,25135.75,24602.0,25323.25,25301.25,25312.5,25339.5,25288.0,25281.5,25134.75,146.75,25222.0,25296.0,25375.5,25134.75,1.0895557699217107,25034.5,24602.0,24780.0,25236.0,24602.0,1.5798734480922194
2025-11-27,25420.0,25285.75,25298.0,25340.75,25287.0,104614,25369.75,25227.0,25334.5,25375.5,25134.75,25390.5,25329.25,25344.0,25420.0,25303.0,25318.0,25287.0,31.0,25301.5,25299.75,25318.0,25285.75,0.08120496972135353,25369.75,25238.25,25314.0,25375.5,25134.75,1.0895557699217107
2025-11-28,25500.25,25329.5,25414.75,25433.25,25372.75,305722,25302.75,25292.75,25298.0,25318.0,25285.75,,,,,,25421.5,25329.5,92.0,25359.5,25484.75,25500.25,25329.5,0.23731188706245476,25340.75,25287.0,25298.0,25420.0,25285.75,0.08120496972135353
2025-11-30,25542.25,25193.5,25251.25,25328.75,25238.0,608533,25433.25,25372.75,25414.75,25500.25,25329.5,25328.75,25238.0,25251.25,25542.25,25193.5,,,,,,,,0.47236415622616884,25433.25,25372.75,25414.75,25500.25,25329.5,0.23731188706245476
2025-12-01,25523.0,25209.0,25402.5,25460.0,25322.5,1612492,25369.75,25227.0,25334.5,25375.5,25134.75,25522.5,25395.0,25490.5,25523.0,25324.0,25389.75,25209.0,180.75,25254.75,25401.75,25495.75,25209.0,1.2516715165840595,25328.75,25238.0,25251.25,25542.25,25193.5,0.47236415622616884
2025-12-02,25678.5,25413.75,25599.0,25663.25,25539.5,1889066,25421.25,25267.0,25402.5,25495.75,25209.0,25676.0,25578.0,25657.5,25678.5,25420.75,25654.25,25471.25,183.0,25492.25,25600.0,25670.0,25413.75,1.4663577277576465,25460.0,25322.5,25402.5,25523.0,25209.0,1.2516715165840595
2025-12-03,25732.5,25430.0,25647.25,25682.0,25546.25,1467742,25640.0,25532.25,25599.0,25670.0,25413.75,25664.0,25626.75,25647.25,25732.5,25602.75,25574.25,25430.0,144.25,25495.0,25657.25,25685.75,25430.0,1.1393116090461972,25663.25,25539.5,25599.0,25678.5,25413.75,1.4663577277576465
2025-12-04,25755.5,25487.0,25579.0,25636.25,25552.0,1604204,25634.0,25491.5,25567.75,25685.75,25430.0,25747.0,25636.75,25715.75,25755.5,25579.0,25713.25,25520.0,193.25,25711.75,25627.5,25713.25,25487.0,1.2452380871286273,25682.0,25546.25,25647.25,25732.5,25430.0,1.1393116090461972
2025-12-05,25867.75,25651.0,25725.0,25760.75,25679.0,1190651,25622.25,25561.0,25579.0,25713.25,25487.0,25739.75,25731.75,25735.5,25743.75,25723.25,25867.75,25660.5,207.25,25679.75,25726.0,25867.75,25651.0,0.9242240847658946,25636.25,25552.0,25579.0,25755.5,25487.0,1.2452380871286273
2025-12-07,25833.0,25700.0,25788.75,25813.75,25769.0,283734,25761.5,25678.0,25725.0,25867.75,25651.0,25813.75,25769.0,25788.75,25833.0,25700.0,,,,,,,,0.22024404839618522,25760.75,25679.0,25725.0,25867.75,25651.0,0.9242240847658946
2025-12-08,25860.75,25563.75,25660.5,25701.0,25594.0,1423473,,,,,,25707.25,25646.75,25692.5,25729.5,25589.0,25860.75,25656.75,204.0,25791.5,25669.25,25860.75,25563.75,1.104948495078711,25813.75,25769.0,25788.75,25833.0,25700.0,0.22024404839618522
2025-12-09,25746.25,25560.0,25701.5,25726.25,25649.25,1186098,25703.0,25582.5,25639.0,25860.75,25563.75,25697.5,25638.5,25679.0,25746.25,25615.75,25670.0,25560.0,110.0,25618.75,25702.0,25738.5,25560.0,0.9206898902303513,25701.0,25594.0,25660.5,25860.75,25563.75,1.104948495078711
2025-12-10,25869.75,25382.0,25632.25,25741.0,25541.0,1930047,25729.75,25645.25,25701.5,25738.5,25560.0,25702.75,25486.5,25672.75,25813.25,25382.0,25673.0,25567.0,106.0,25647.25,25802.75,25869.75,25528.25,1.4981685835145315,25726.25,25649.25,25701.5,25746.25,25560.0,0.9206898902303513
2025-12-11,25862.5,25390.25,25584.5,25650.25,25450.75,1800144,25719.75,25563.25,25631.25,25869.75,25528.25,25748.25,25583.25,25669.75,25862.5,25532.25,25649.75,25390.25,259.5,25643.0,25714.5,25723.0,25390.25,1.397333425871071,25741.0,25541.0,25632.25,25869.75,25382.0,1.4981685835145315
2025-12-12,25620.5,25117.75,25235.25,25360.25,25151.25,1812358,25643.25,25476.75,25497.75,25723.0,25390.25,25215.0,25202.0,25211.0,25225.75,25199.0,25620.5,25315.0,305.5,25559.75,25215.5,25620.5,25117.75,1.4068143509879445,25650.25,25450.75,25584.5,25862.5,25390.25,1.397333425871071
2025-12-14,25408.75,25131.25,25251.5,25330.5,25131.25,215668,25363.5,25151.25,25235.25,25620.5,25117.75,25330.5,25131.25,25251.5,25408.75,25131.25,,,,,,,,0.1674088880060496,25360.25,25151.25,25235.25,25620.5,25117.75,1.4068143509879445
2025-12-15,25410.0,24826.0,25146.0,25266.75,25050.5,883361,,,,,,25033.25,24857.75,24894.25,25135.0,24826.0,25410.0,25034.5,375.5,25408.0,25084.75,25410.0,25034.5,0.6856950624010608,25330.5,25131.25,25251.5,25408.75,25131.25,0.1674088880060496
2025-12-16,25508.0,24926.25,25443.0,25508.0,25074.75,723370,25363.5,25151.25,25235.25,25620.5,25117.75,25508.0,25348.5,25443.0,25508.0,25068.5,25164.5,24936.5,228.0,24989.25,25131.5,25202.25,24926.25,0.5615045686747042,25266.75,25050.5,25146.0,25410.0,24826.0,0.6856950624010608
2025-12-17,25449.25,24887.75,24959.5,25161.25,24892.0,1864748,25101.0,24982.25,25075.0,25202.25,24926.25,25102.0,24892.0,24983.0,25286.0,24892.0,25449.25,25245.25,204.0,25422.25,24892.0,25449.25,24887.75,1.4474812632912855,25508.0,25074.75,25443.0,25508.0,24926.25,0.5615045686747042
2025-12-18,25417.0,25160.75,25373.5,25389.5,25244.0,1843668,25251.25,24922.25,24951.75,25449.25,24887.75,25386.0,25271.75,25372.25,25393.5,25193.5,25338.0,25160.75,177.25,25279.0,25252.0,25417.0,25160.75,1.4311182453230773,25161.25,24892.0,24959.5,25449.25,24887.75,1.4474812632912855
2025-12-19,25601.0,25356.25,25572.5,25589.5,25512.5,968967,25345.75,25187.75,25264.5,25417.0,25160.75,25594.75,25580.75,25586.0,25599.5,25567.0,25601.0,25356.25,244.75,25361.75,25581.25,25601.0,25356.25,0.7521453715180642,25389.5,25244.0,25373.5,25417.0,25160.75,1.4311182453230773
2025-12-21,25785.75,25631.5,25681.25,25718.75,25645.0,259170,25588.25,25511.75,25572.5,25601.0,25356.25,25718.75,25645.0,25681.25,25785.75,25631.5,,,,,,,,0.2011766303045787,25589.5,25512.5,25572.5,25601.0,25356.25,0.7521453715180642
2025-12-22,25795.0,25608.5,25691.75,25721.5,25676.0,1032375,,,,,,25728.75,25665.75,25697.5,25738.5,25608.5,25795.0,25671.0,124.0,25780.75,25688.25,25795.0,25629.5,0.801364832776515,25718.75,25645.0,25681.25,25785.75,25631.5,0.2011766303045787
2025-12-23,25831.75,25627.25,25796.5,25823.75,25710.25,793241,25716.5,25677.75,25691.75,25795.0,25629.5,25822.25,25794.75,25812.5,25831.75,25777.5,25751.25,25627.25,124.0,25644.25,25811.25,25820.25,25627.25,0.6157408318842238,25721.5,25676.0,25691.75,25795.0,25608.5,0.801364832776515
2025-12-24,25892.25,25781.75,25874.25,25888.25,25814.25,291775,25778.5,25668.5,25769.75,25820.25,25627.25,,,,,,25841.0,25781.75,59.25,25795.75,25861.75,25892.25,25781.75,0.2264857479921227,25823.75,25710.25,25796.5,25831.75,25627.25,0.6157408318842238
2025-12-25,25923.25,25842.5,25894.5,25907.5,25874.25,143654,25888.25,25814.25,25874.25,25892.25,25781.75,25907.5,25874.25,25894.5,25923.25,25842.5,,,,,,,,0.11150915480099527,25888.25,25814.25,25874.25,25892.25,25781.75,0.2264857479921227
2025-12-26,25935.0,25834.25,25874.0,25892.25,25858.25,512349,,,,,,25870.5,25859.25,25864.25,25874.25,25852.25,25935.0,25834.25,100.75,25899.25,25866.75,25935.0,25834.25,0.39770284122360067,25907.5,25874.25,25894.5,25923.25,25842.5,0.11150915480099527
2025-12-28,25893.5,25656.0,25753.5,25863.75,25731.5,308074,25893.5,25859.0,25874.0,25935.0,25834.25,25863.75,25731.5,25753.5,25893.5,25656.0,,,,,,,,0.23913759001602336,25892.25,25858.25,25874.0,25935.0,25834.25,0.39770284122360067
2025-12-29,25818.75,25647.75,25694.75,25745.75,25684.75,1014574,,,,,,25744.5,25710.0,25736.75,25755.0,25684.0,25818.75,25661.5,157.25,25707.0,25741.25,25818.75,25647.75,0.7875470869106671,25863.75,25731.5,25753.5,25893.5,25656.0,0.23913759001602336
2025-12-30,25794.0,25552.25,25730.0,25759.5,25678.25,927298,25746.75,25675.75,25691.75,25818.75,25647.75,25653.0,25562.75,25621.25,25718.25,25552.25,25774.75,25673.5,101.25,25692.5,25678.0,25794.0,25668.25,0.7198004665978902,25745.75,25684.75,25694.75,25818.75,25647.75,0.7875470869106671
2025-12-31,25692.25,25426.5,25586.5,25634.5,25533.5,771319,25739.75,25690.25,25730.0,25794.0,25668.25,25458.75,25438.75,25442.75,25471.75,25426.5,25692.25,25568.25,124.0,25679.0,25455.0,25692.25,25444.5,0.598724224678386,25759.5,25678.25,25730.0,25794.0,25552.25,0.7198004665978902
